comment_id,user_id,comment_text,sentiment
1,user123,I'm genuinely happy for you! Keep shining!,happy
2,johndoe45,This is utterly disappointing. You should improve.,sad
3,sara_mills,Sending you love and support always!,supportive
4,emily_wang,This is beyond amazing! Keep it up!,happy
5,alex_07,You're such a disappointment. Grow up.,angry
6,lily_grace,You're such an inspiration to me!,supportive
7,chris_park,This is just heartbreaking. Unbelievable.,sad
8,sophie_89,Your work always makes me smile!,happy
9,sam_cook,Stop trying so hard. It's embarrassing for you.,mean
10,mia_robinson,Keep shining bright! You're truly amazing.,happy
11,zara_khan,I'm so disappointed in this. It's really sad.,sad
12,maxwell_33,You're doing great! Don't give up. Keep going!,supportive
13,lucas_smith,Your content always lifts me up!,happy
14,ella_west,You're just a waste of space. Completely useless.,angry
15,jason_li,I believe in you. Keep pushing forward!,supportive
16,phoebe_rose,This is so heartwarming. Great job!,happy
17,nate_miller,Stop polluting the internet with your garbage.,angry
18,olivia_02,You're a ray of sunshine! Keep it up.,happy
19,liam_brown,This is disappointing. You can do better.,sad
20,zoe_carter,You're amazing and don't let anyone tell you otherwise!,supportive
21,adam_tan,Your content brightens my day!,happy
22,eva_clark,Just stop. It's painful to watch.,angry
23,noah_hill,You're a true inspiration! Keep going!,supportive
24,amelia_white,I can't stop smiling at this. Great work!,happy
25,leo_garcia,You're a disgrace. Shameful.,angry
26,mia_turner,You're making a positive impact. Keep it up!,supportive
27,luca_martinez,This is so disappointing. Not what I expected.,sad
28,ava_adams,You bring so much joy to your audience!,happy
29,jack_rivera,You're just embarrassing yourself. Stop.,angry
30,isla_nguyen,Keep spreading positivity! You're doing great.,supportive
31,daniel_kim,Your content always brightens my day!,happy
32,grace_lee,This is terrible. You should be ashamed.,angry
33,owen_wilson,You're an inspiration to so many!,supportive
34,mia_jackson,This is incredibly disappointing. Let's do better.,sad
35,lucas_phillips,Your work always brings a smile to my face!,happy
36,ella_cooper,You're just a negative presence. Go away.,angry
37,logan_hall,You're making a difference. Keep it up!,supportive
38,lily_bell,This is so heartwarming. Thank you!,happy
39,sam_wright,Stop with the negativity. It's exhausting.,angry
40,ava_cook,Your positivity is infectious! Keep it up.,supportive
41,noah_roberts,This is so disappointing. I expected better.,sad
42,olivia_harris,You're a bright light in this world!,happy
43,liam_turner,Stop spreading hate. It's not welcome here.,angry
44,zoe_king,Your encouragement means the world to so many!,supportive
45,adam_baker,This is amazing! Keep doing what you're doing.,happy
46,eva_gonzalez,You're just a downer. Can't stand it.,angry
47,noah_castillo,Your positivity is needed. Keep it up!,supportive
48,amelia_morris,This is so heartwarming. Thank you for sharing!,happy
49,leo_nguyen,You're just spreading negativity. Stop it.,angry
50,mia_flores,Your support means everything. Keep shining!,supportive
1,user123,I'm genuinely happy for you! Keep shining!,happy
2,johndoe45,This is utterly disappointing. You should improve.,sad
3,sara_mills,Sending you love and support always!,supportive
4,emily_wang,This is beyond amazing! Keep it up!,happy
5,alex_07,You're such a disappointment. Grow up.,angry
6,lily_grace,You're such an inspiration to me!,supportive
7,chris_park,This is just heartbreaking. Unbelievable.,sad
8,sophie_89,Your work always makes me smile!,happy
9,sam_cook,Stop trying so hard. It's embarrassing for you.,mean
10,mia_robinson,Keep shining bright! You're truly amazing.,happy
11,zara_khan,I'm so disappointed in this. It's really sad.,sad
12,maxwell_33,You're doing great! Don't give up. Keep going!,supportive
13,lucas_smith,Your content always lifts me up!,happy
14,ella_west,You're just a waste of space. Completely useless.,angry
15,jason_li,I believe in you. Keep pushing forward!,supportive
16,phoebe_rose,This is so heartwarming. Great job!,happy
17,nate_miller,Stop polluting the internet with your garbage.,angry
18,olivia_02,You're a ray of sunshine! Keep it up.,happy
19,liam_brown,This is disappointing. You can do better.,sad
20,zoe_carter,You're amazing and don't let anyone tell you otherwise!,supportive
21,adam_tan,Your content brightens my day!,happy
22,eva_clark,Just stop. It's painful to watch.,angry
23,noah_hill,You're a true inspiration! Keep going!,supportive
24,amelia_white,I can't stop smiling at this. Great work!,happy
25,leo_garcia,You're a disgrace. Shameful.,angry
26,mia_turner,You're making a positive impact. Keep it up!,supportive
27,luca_martinez,This is so disappointing. Not what I expected.,sad
28,ava_adams,You bring so much joy to your audience!,happy
29,jack_rivera,You're just embarrassing yourself. Stop.,angry
30,isla_nguyen,Keep spreading positivity! You're doing great.,supportive
31,daniel_kim,Your content always brightens my day!,happy
32,grace_lee,This is terrible. You should be ashamed.,angry
33,owen_wilson,You're an inspiration to so many!,supportive
34,mia_jackson,This is incredibly disappointing. Let's do better.,sad
35,lucas_phillips,Your work always brings a smile to my face!,happy
36,ella_cooper,You're just a negative presence. Go away.,angry
37,logan_hall,You're making a difference. Keep it up!,supportive
38,lily_bell,This is so heartwarming. Thank you!,happy
39,sam_wright,Stop with the negativity. It's exhausting.,angry
40,ava_cook,Your positivity is infectious! Keep it up.,supportive
41,noah_roberts,This is so disappointing. I expected better.,sad
42,olivia_harris,You're a bright light in this world!,happy
43,liam_turner,Stop spreading hate. It's not welcome here.,angry
44,zoe_king,Your encouragement means the world to so many!,supportive
45,adam_baker,This is amazing! Keep doing what you're doing.,happy
46,eva_gonzalez,You're just a downer. Can't stand it.,angry
47,noah_castillo,Your positivity is needed. Keep it up!,supportive
48,amelia_morris,This is so heartwarming. Thank you for sharing!,happy
49,leo_nguyen,You're just spreading negativity. Stop it.,angry
50,mia_flores,Your support means everything. Keep shining!,supportive
51,sophia_smith,Your creativity is truly inspiring!,happy
52,liam_jones,This is really sad. It's disappointing.,sad
53,zara_martin,You're an incredible human being. Keep it up!,supportive
54,oliver_davis,This is absolutely fantastic! Great job!,happy
55,isabella_rodriguez,You're such a letdown. Disappointed.,sad
56,mia_taylor,Your positive energy is contagious! Keep it up.,supportive
57,noah_martinez,This is disheartening. You should do better.,sad
58,ava_wilson,Your posts always bring a smile to my face!,happy
59,ethan_clark,You're just a negative influence. Stop.,angry
60,emma_anderson,Your kindness is truly appreciated. Keep it up!,supportive
61,william_roberts,This is so disheartening. You're better than this.,sad
62,sophia_murphy,Your positive attitude is infectious!,happy
63,james_stewart,You're such a disappointment. Improve.,sad
64,emily_scott,Your support means everything to me!,supportive
65,daniel_adams,This is truly amazing! Keep up the great work!,happy
66,lily_hill,You're just spreading negativity. Stop.,angry
67,ethan_gonzalez,Your support is invaluable. Keep shining!,supportive
68,olivia_morris,This is heartwarming. Keep doing what you do!,happy
69,liam_rivera,You're just a downer. Can't stand it.,angry
70,ava_castillo,Your positivity is needed. Keep spreading it!,supportive
71,noah_murphy,This is so heartwarming. Thank you for sharing!,happy
72,oliver_turner,You're just spreading negativity. Stop it.,angry
73,isabella_rodriguez,Your support means everything. Keep shining!,supportive
74,william_clark,Your creativity is truly inspiring!,happy
75,sophia_smith,This is really sad. It's disappointing.,sad
76,oliver_davis,You're an incredible human being. Keep it up!,supportive
77,zara_martin,This is absolutely fantastic! Great job!,happy
78,liam_jones,You're such a letdown. Disappointed.,sad
79,olivia_hill,Your positive energy is contagious! Keep it up.,supportive
80,lucas_martinez,This is disheartening. You should do better.,sad
81,ava_wilson,Your posts always bring a smile to my face!,happy
82,ethan_clark,You're just a negative influence. Stop.,angry
83,emma_anderson,Your kindness is truly appreciated. Keep it up!,supportive
84,william_roberts,This is so disheartening. You're better than this.,sad
85,sophia_murphy,Your positive attitude is infectious!,happy
86,james_stewart,You're such a disappointment. Improve.,sad
87,emily_scott,Your support means everything to me!,supportive
88,daniel_adams,This is truly amazing! Keep up the great work!,happy
89,lily_hill,You're just spreading negativity. Stop.,angry
90,ethan_gonzalez,Your support is invaluable. Keep shining!,supportive
91,olivia_morris,This is heartwarming. Keep doing what you do!,happy
92,liam_rivera,You're just a downer. Can't stand it.,angry
93,ava_castillo,Your positivity is needed. Keep spreading it!,supportive
94,noah_murphy,This is so heartwarming. Thank you for sharing!,happy
95,oliver_turner,You're just spreading negativity. Stop it.,angry
96,isabella_rodriguez,Your support means everything. Keep shining!,supportive
97,william_clark,Your creativity is truly inspiring!,happy
98,sophia_smith,This is really sad. It's disappointing.,sad
1,jessica_wong,Your posts always make me smile!,happy
2,jamal_jackson,This is truly disappointing. Do better.,sad
3,priya_patel,You're such a positive force. Keep it up!,supportive
4,emmanuel_kim,Stop spreading negativity. It's tiring.,angry
5,sofia_santos,Your kindness brightens my day. Thank you!,happy
6,ahmed_ali,This is heartwarming. Keep sharing your light!,happy
7,mariana_garcia,Stop being such a downer. It's exhausting.,angry
8,amara_adebowale,Your support means everything to me!,supportive
9,tyrell_williams,This is truly amazing! Great job!,happy
10,nina_kaur,You're just spreading negativity. Stop it.,angry
11,carlos_martinez,Your encouragement is truly appreciated. Keep it up!,supportive
12,sophie_dubois,This is so heartwarming. Thank you for sharing!,happy
13,liam_nguyen,You're just a negative presence. Go away.,angry
14,anaya_patel,Your positivity is infectious! Keep it up.,supportive
15,matteo_romano,Your content always brightens my day!,happy
16,kai_jones,This is terrible. You should be ashamed.,angry
17,mia_silva,You're making a difference. Keep it up!,supportive
18,lucas_garcia,This is so disappointing. Not what I expected.,sad
19,emily_choi,Your positive energy is contagious! Keep it up.,supportive
20,zara_gonzalez,Your creativity is truly inspiring!,happy
21,noah_kim,This is really sad. It's disappointing.,sad
22,olivia_martinez,You're an incredible human being. Keep it up!,supportive
23,liam_dubois,This is absolutely fantastic! Great job!,happy
24,lily_kaur,You're such a letdown. Disappointed.,sad
25,lucas_santos,Your support is invaluable. Keep shining!,supportive
26,anya_patel,This is heartwarming. Keep doing what you do!,happy
27,zainab_kaur,You're just a downer. Can't stand it.,angry
28,ali_martinez,Your positivity is needed. Keep spreading it!,supportive
29,isabella_garcia,This is so heartwarming. Thank you for sharing!,happy
30,cristian_martinez,You're just spreading negativity. Stop it.,angry
31,sofia_kaur,Your support means everything. Keep shining!,supportive
32,david_nguyen,Your creativity is truly inspiring!,happy
33,mia_martinez,This is really sad. It's disappointing.,sad
34,noah_garcia,You're an incredible human being. Keep it up!,supportive
35,sophia_dubois,This is absolutely fantastic! Great job!,happy
36,oliver_kaur,You're such a letdown. Disappointed.,sad
37,lily_garcia,Your support is invaluable. Keep shining!,supportive
38,lucas_martinez,Your posts always bring a smile to my face!,happy
39,zara_kaur,You're just a negative influence. Stop.,angry
40,ali_martinez,Your kindness is truly appreciated. Keep it up!,supportive
41,isabella_garcia,This is so disheartening. You're better than this.,sad
42,cristian_martinez,Your positive attitude is infectious!,happy
43,sofia_kaur,You're such a disappointment. Improve.,sad
44,david_nguyen,Your support means everything to me!,supportive
45,mia_martinez,This is truly amazing! Keep up the great work!,happy
46,noah_garcia,You're just spreading negativity. Stop.,angry
47,sophia_dubois,Your support is invaluable. Keep shining!,supportive
48,oliver_kaur,This is heartwarming. Keep doing what you do!,happy
49,lily_garcia,You're just a downer. Can't stand it.,angry
50,lucas_martinez,Your positivity is needed. Keep spreading it!,supportive
51,zara_kaur,This is so heartwarming. Thank you for sharing!,happy
52,ali_martinez,You're just spreading negativity. Stop it.,angry
53,isabella_garcia,Your support means everything. Keep shining!,supportive
54,cristian_martinez,Your creativity is truly inspiring!,happy
55,sofia_kaur,This is really sad. It's disappointing.,sad
56,david_nguyen,You're an incredible human being. Keep it up!,supportive
57,mia_martinez,This is absolutely fantastic! Great job!,happy
58,noah_garcia,You're such a letdown. Disappointed.,sad
59,sophia_dubois,Your support is invaluable. Keep shining!,supportive
60,oliver_kaur,Your posts always bring a smile to my face!,happy
61,lily_garcia,You're just a negative influence. Stop.,angry
62,lucas_martinez,Your kindness is truly appreciated. Keep it up!,supportive
63,zara_kaur,This is so disheartening. You're better than this.,sad
64,ali_martinez,Your positive attitude is infectious!,happy
65,isabella_garcia,You're such a disappointment. Improve.,sad
66,cristian_martinez,Your support means everything to me!,supportive
67,sofia_kaur,This is truly amazing! Keep up the great work!,happy
68,david_nguyen,You're just spreading negativity. Stop.,angry
69,mia_martinez,Your support is invaluable. Keep shining!,supportive
70,noah_garcia,This is heartwarming. Keep doing what you do!,happy
71,sophia_dubois,You're just a downer. Can't stand it.,angry
72,oliver_kaur,Your positivity is needed. Keep spreading it!,supportive
73,lily_garcia,This is so heartwarming. Thank you for sharing!,happy
74,lucas_martinez,You're just spreading negativity. Stop it.,angry
75,zara_kaur,Your support means everything. Keep shining!,supportive
76,ali_martinez,Your creativity is truly inspiring!,happy
77,isabella_garcia,This is really sad. It's disappointing.,sad
78,cristian_martinez,You're an incredible human being. Keep it up!,supportive
79,sofia_kaur,This is absolutely fantastic! Great job!,happy
80,david_nguyen,You're such a letdown. Disappointed.,sad
81,mia_martinez,Your support is invaluable. Keep shining!,supportive
82,noah_garcia,Your posts always bring a smile to my face!,happy
83,sophia_dubois,You're just a negative influence. Stop.,angry
84,oliver_kaur,Your kindness is truly appreciated. Keep it up!,supportive
85,lily_garcia,This is so disheartening. You're better than this.,sad
86,lucas_martinez,Your positive attitude is infectious!,happy
87,zara_kaur,You're such a disappointment. Improve.,sad
88,ali_martinez,Your support means everything to me!,supportive
89,isabella_garcia,This is truly amazing! Keep up the great work!,happy
90,cristian_martinez,You're just spreading negativity. Stop.,angry
91,sofia_kaur,Your support is invaluable. Keep shining!,supportive
92,david_nguyen,This is heartwarming. Keep doing what you do!,happy
93,mia_martinez,You're just a downer. Can't stand it.,angry
94,noah_garcia,Your positivity is needed. Keep spreading it!,supportive
95,sophia_dubois,This is so heartwarming. Thank you for sharing!,happy
257,nina_smith,This is truly heartwarming. Keep spreading the love!,happy
258,alejandro_gonzalez,You're just a downer. Can't stand it.,angry
259,lina_kim,Your kindness is truly appreciated. Keep it up!,supportive
260,mohammed_ali,This is really sad. It's disappointing.,sad
261,emily_wilson,Your positivity is infectious! Keep spreading it!,happy
262,yuki_tanaka,You're just spreading negativity. Stop.,angry
263,sophie_dubois,Your support means everything. Keep shining!,supportive
264,daniel_nguyen,Your creativity is truly inspiring!,happy
265,maria_garcia,This is truly heartwarming. Keep spreading the love!,happy
266,luca_martinez,You're just a downer. Can't stand it.,angry
267,juliana_rodriguez,Your kindness is truly appreciated. Keep it up!,supportive
268,yusuf_ali,This is really sad. It's disappointing.,sad
269,emilia_santos,Your positivity is infectious! Keep spreading it!,happy
270,yuna_kim,You're just spreading negativity. Stop.,angry
271,sophie_dubois,Your support means everything. Keep shining!,supportive
272,daniel_nguyen,Your creativity is truly inspiring!,happy
273,maria_garcia,This is truly heartwarming. Keep spreading the love!,happy
274,luca_martinez,You're just a downer. Can't stand it.,angry
275,juliana_rodriguez,Your kindness is truly appreciated. Keep it up!,supportive
276,yusuf_ali,This is really sad. It's disappointing.,sad
277,emilia_santos,Your positivity is infectious! Keep spreading it!,happy
278,yuna_kim,You're just spreading negativity. Stop.,angry
279,sophie_dubois,Your support means everything. Keep shining!,supportive
280,daniel_nguyen,Your creativity is truly inspiring!,happy
281,maria_garcia,This is truly heartwarming. Keep spreading the love!,happy
282,luca_martinez,You're just a downer. Can't stand it.,angry
283,juliana_rodriguez,Your kindness is truly appreciated. Keep it up!,supportive
284,yusuf_ali,This is really sad. It's disappointing.,sad
285,emilia_santos,Your positivity is infectious! Keep spreading it!,happy
286,yuna_kim,You're just spreading negativity. Stop.,angry
287,sophie_dubois,Your support means everything. Keep shining!,supportive
288,daniel_nguyen,Your creativity is truly inspiring!,happy
289,maria_garcia,This is truly heartwarming. Keep spreading the love!,happy
290,luca_martinez,You're just a downer. Can't stand it.,angry
291,juliana_rodriguez,Your kindness is truly appreciated. Keep it up!,supportive
292,yusuf_ali,This is really sad. It's disappointing.,sad
293,emilia_santos,Your positivity is infectious! Keep spreading it!,happy
294,yuna_kim,You're just spreading negativity. Stop.,angry
295,sophie_dubois,Your support means everything. Keep shining!,supportive
296,daniel_nguyen,Your creativity is truly inspiring!,happy
297,maria_garcia,This is truly heartwarming. Keep spreading the love!,happy
298,luca_martinez,You're just a downer. Can't stand it.,angry
299,juliana_rodriguez,Your kindness is truly appreciated. Keep it up!,supportive
300,yusuf_ali,This is really sad. It's disappointing.,sad
301,emilia_santos,Your positivity is infectious! Keep spreading it!,happy
302,yuna_kim,You're just spreading negativity. Stop.,angry
303,sophie_dubois,Your support means everything. Keep shining!,supportive
304,daniel_nguyen,Your creativity is truly inspiring!,happy
305,maria_garcia,This is truly heartwarming. Keep spreading the love!,happy
306,luca_martinez,You're just a downer. Can't stand it.,angry
307,juliana_rodriguez,Your kindness is truly appreciated. Keep it up!,supportive
308,yusuf_ali,This is really sad. It's disappointing.,sad
309,emilia_santos,Your positivity is infectious! Keep spreading it!,happy
310,yuna_kim,You're just spreading negativity. Stop.,angry
311,sophie_dubois,Your support means everything. Keep shining!,supportive
312,daniel_nguyen,Your creativity is truly inspiring!,happy
313,maria_garcia,This is truly heartwarming. Keep spreading the love!,happy
314,luca_martinez,You're just a downer. Can't stand it.,angry
315,juliana_rodriguez,Your kindness is truly appreciated. Keep it up!,supportive
316,yusuf_ali,This is really sad. It's disappointing.,sad
317,emilia_santos,Your positivity is infectious! Keep spreading it!,happy
318,yuna_kim,You're just spreading negativity. Stop.,angry
319,sophie_dubois,Your support means everything. Keep shining!,supportive
320,daniel_nguyen,Your creativity is truly inspiring!,happy
321,maria_garcia,This is truly heartwarming. Keep spreading the love!,happy
322,luca_martinez,You're just a downer. Can't stand it.,angry
323,juliana_rodriguez,Your kindness is truly appreciated. Keep it up!,supportive
324,yusuf_ali,This is really sad. It's disappointing.,sad
325,emilia_santos,Your positivity is infectious! Keep spreading it!,happy
326,yuna_kim,You're just spreading negativity. Stop.,angry
327,sophie_dubois,Your support means everything. Keep shining!,supportive
328,daniel_nguyen,Your creativity is truly inspiring!,happy
329,maria_garcia,This is truly heartwarming. Keep spreading the love!,happy
330,luca_martinez,You're just a downer. Can't stand it.,angry
331,juliana_rodriguez,Your kindness is truly appreciated. Keep it up!,supportive
332,yusuf_ali,This is really sad. It's disappointing.,sad
333,emilia_santos,Your positivity is infectious! Keep spreading it!,happy
334,yuna_kim,You're just spreading negativity. Stop.,angry
335,sophie_dubois,Your support means everything. Keep shining!,supportive
336,daniel_nguyen,Your creativity is truly inspiring!,happy
337,maria_garcia,This is truly heartwarming. Keep spreading the love!,happy
338,luca_martinez,You're just a downer. Can't stand it.,angry
339,juliana_rodriguez,Your kindness is truly appreciated. Keep it up!,supportive
340,yusuf_ali,This is really sad. It's disappointing.,sad
341,emilia_santos,Your positivity is infectious! Keep spreading it!,happy
342,yuna_kim,You're just spreading negativity. Stop.,angry
343,sophie_dubois,Your support means everything. Keep shining!,supportive
344,daniel_nguyen,Your creativity is truly inspiring!,happy
345,maria_garcia,This is truly heartwarming. Keep spreading the love!,happy
346,luca_martinez,You're just a downer. Can't stand it.,angry
347,juliana_rodriguez,Your kindness is truly appreciated. Keep it up!,supportive
348,yusuf_ali,This is really sad. It's disappointing.,sad
349,emilia_santos,Your positivity is infectious! Keep spreading it!,happy
350,yuna_kim,You're just spreading negativity. Stop.,angry
351,alexa_smith,You're such a ray of sunshine! Keep spreading positivity!,happy
352,liam_johnson,Stop being so negative all the time. It's exhausting.,angry
353,sophia_brown,Your support and encouragement are so uplifting. Keep it up!,supportive
354,kai_kawaguchi,This is really heartbreaking. It's so unfair.,sad
355,isabella_kim,Your energy is contagious! Keep spreading that joy!,happy
356,samuel_garcia,Why do you always have to bring everyone down? Stop it.,angry
357,luna_nguyen,Your kindness and compassion mean the world. Keep shining!,supportive
358,elias_santos,Your passion and talent are truly inspiring!,happy
359,olivia_rodriguez,You always make my day brighter with your positivity!,happy
360,noah_martinez,You're always so negative. Can't you see the good in anything?,angry
361,emma_kim,Your words of encouragement are truly appreciated. Keep it up!,supportive
362,liam_garcia,This is truly heartwarming. Keep spreading the love!,happy
363,ava_martinez,Why do you have to be so cynical all the time?,angry
364,sophia_rodriguez,Your support and kindness make a world of difference. Keep it up!,supportive
365,kai_ali,This is really sad. It's disheartening.,sad
366,isabella_santos,Your enthusiasm is infectious! Keep spreading it!,happy
367,samuel_kim,Why are you always so pessimistic? It's draining.,angry
368,luna_dubois,Your compassion and empathy are truly commendable. Keep shining!,supportive
369,elias_nguyen,Your creativity and innovation are truly inspiring!,happy
370,olivia_garcia,You have such a warm and loving spirit. Keep spreading that joy!,happy
371,noah_martinez,You're always so negative. Can't you see the good in anything?,angry
372,emma_kim,Your words of encouragement are truly appreciated. Keep it up!,supportive
373,liam_garcia,This is truly heartwarming. Keep spreading the love!,happy
374,ava_martinez,Why do you have to be so cynical all the time?,angry
375,sophia_rodriguez,Your support and kindness make a world of difference. Keep it up!,supportive
376,kai_ali,This is really sad. It's disheartening.,sad
377,isabella_santos,Your enthusiasm is infectious! Keep spreading it!,happy
378,samuel_kim,Why are you always so pessimistic? It's draining.,angry
379,luna_dubois,Your compassion and empathy are truly commendable. Keep shining!,supportive
380,elias_nguyen,Your creativity and innovation are truly inspiring!,happy
381,olivia_garcia,You have such a warm and loving spirit. Keep spreading that joy!,happy
382,noah_martinez,You're always so negative. Can't you see the good in anything?,angry
383,emma_kim,Your words of encouragement are truly appreciated. Keep it up!,supportive
384,liam_garcia,This is truly heartwarming. Keep spreading the love!,happy
385,ava_martinez,Why do you have to be so cynical all the time?,angry
386,sophia_rodriguez,Your support and kindness make a world of difference. Keep it up!,supportive
387,kai_ali,This is really sad. It's disheartening.,sad
388,isabella_santos,Your enthusiasm is infectious! Keep spreading it!,happy
389,samuel_kim,Why are you always so pessimistic? It's draining.,angry
390,luna_dubois,Your compassion and empathy are truly commendable. Keep shining!,supportive
391,elias_nguyen,Your creativity and innovation are truly inspiring!,happy
392,olivia_garcia,You have such a warm and loving spirit. Keep spreading that joy!,happy
393,noah_martinez,You're always so negative. Can't you see the good in anything?,angry
394,emma_kim,Your words of encouragement are truly appreciated. Keep it up!,supportive
395,liam_garcia,This is truly heartwarming. Keep spreading the love!,happy
396,ava_martinez,Why do you have to be so cynical all the time?,angry
397,sophia_rodriguez,Your support and kindness make a world of difference. Keep it up!,supportive
398,kai_ali,This is really sad. It's disheartening.,sad
399,isabella_santos,Your enthusiasm is infectious! Keep spreading it!,happy
400,samuel_kim,Why are you always so pessimistic? It's draining.,angry
401,luna_dubois,Your compassion and empathy are truly commendable. Keep shining!,supportive
402,elias_nguyen,Your creativity and innovation are truly inspiring!,happy
403,olivia_garcia,You have such a warm and loving spirit. Keep spreading that joy!,happy
404,noah_martinez,You're always so negative. Can't you see the good in anything?,angry
405,emma_kim,Your words of encouragement are truly appreciated. Keep it up!,supportive
406,liam_garcia,This is truly heartwarming. Keep spreading the love!,happy
407,ava_martinez,Why do you have to be so cynical all the time?,angry
408,sophia_rodriguez,Your support and kindness make a world of difference. Keep it up!,supportive
409,kai_ali,This is really sad. It's disheartening.,sad
410,isabella_santos,Your enthusiasm is infectious! Keep spreading it!,happy
411,samuel_kim,Why are you always so pessimistic? It's draining.,angry
412,luna_dubois,Your compassion and empathy are truly commendable. Keep shining!,supportive
413,elias_nguyen,Your creativity and innovation are truly inspiring!,happy
414,olivia_garcia,You have such a warm and loving spirit. Keep spreading that joy!,happy
415,noah_martinez,You're always so negative. Can't you see the good in anything?,angry
416,emma_kim,Your words of encouragement are truly appreciated. Keep it up!,supportive
417,liam_garcia,This is truly heartwarming. Keep spreading the love!,happy
418,ava_martinez,Why do you have to be so cynical all the time?,angry
419,sophia_rodriguez,Your support and kindness make a world of difference. Keep it up!,supportive
420,kai_ali,This is really sad. It's disheartening.,sad
421,isabella_santos,Your enthusiasm is infectious! Keep spreading it!,happy
422,samuel_kim,Why are you always so pessimistic? It's draining.,angry
423,luna_dubois,Your compassion and empathy are truly commendable. Keep shining!,supportive
424,elias_nguyen,Your creativity and innovation are truly inspiring!,happy
425,olivia_garcia,You have such a warm and loving spirit. Keep spreading that joy!,happy
426,jasmine_lee,I can't believe how mean people can be sometimes.,mean
427,adrian_hernandez,Your strength and resilience are truly remarkable. Keep pushing forward!,supportive
428,natalie_smith,This is just heartbreaking. I feel so sad for them.,sad
429,leo_jackson,Your positive energy is infectious! Keep spreading it around!,happy
430,sofia_nguyen,Why do you have to be so hostile all the time? It's unnecessary.,angry
431,emmanuel_gomez,Your empathy and compassion are truly inspiring. Keep shining bright!,supportive
432,mia_rodriguez,Your creativity and innovation are truly commendable!,happy
433,ethan_wood,You have such a warm and loving spirit. Keep spreading joy!,happy
434,zoey_martinez,Why are you always so pessimistic? Can't you see the good in anything?,angry
435,mateo_garcia,Your words of encouragement are truly appreciated. Keep it up!,supportive
436,lucia_martinez,This is truly heartwarming. Keep spreading love and positivity!,happy
437,liam_thomas,I can't believe how rude people can be sometimes.,mean
438,isla_rodriguez,Your unwavering support means the world. Keep being amazing!,supportive
439,noah_johnson,This is just devastating. I feel so sad for them.,sad
440,amelia_anderson,Your infectious laughter and joy brighten up any room!,happy
441,daniel_martinez,Why do you have to be so aggressive all the time? It's exhausting.,angry
442,olivia_smith,Your empathy and kindness are truly inspiring. Keep shining bright!,supportive
443,william_davis,Your creative ideas and innovation are truly commendable!,happy
444,ava_brown,You have such a warm and loving spirit. Keep spreading joy!,happy
445,harper_thomas,Why are you always so negative? Can't you see the good in anything?,angry
446,madison_rodriguez,Your words of encouragement are truly appreciated. Keep it up!,supportive
447,jacob_martinez,This is truly heartwarming. Keep spreading love and positivity!,happy
448,ava_martinez,I can't believe how mean people can be sometimes.,mean
449,sophia_rodriguez,Your unwavering support means the world. Keep being amazing!,supportive
450,kai_ali,This is just devastating. I feel so sad for them.,sad
451,isabella_santos,Your infectious laughter and joy brighten up any room!,happy
452,samuel_kim,Why do you have to be so aggressive all the time? It's exhausting.,angry
453,luna_dubois,Your empathy and kindness are truly inspiring. Keep shining bright!,supportive
454,elias_nguyen,Your creative ideas and innovation are truly commendable!,happy
455,olivia_garcia,You have such a warm and loving spirit. Keep spreading joy!,happy
456,noah_martinez,Why are you always so negative? Can't you see the good in anything?,angry
457,emma_kim,Your words of encouragement are truly appreciated. Keep it up!,supportive
458,liam_garcia,This is truly heartwarming. Keep spreading love and positivity!,happy
459,ava_martinez,I can't believe how mean people can be sometimes.,mean
460,sophia_rodriguez,Your unwavering support means the world. Keep being amazing!,supportive
461,kai_ali,This is just devastating. I feel so sad for them.,sad
462,isabella_santos,Your infectious laughter and joy brighten up any room!,happy
463,samuel_kim,Why do you have to be so aggressive all the time? It's exhausting.,angry
464,luna_dubois,Your empathy and kindness are truly inspiring. Keep shining bright!,supportive
465,elias_nguyen,Your creative ideas and innovation are truly commendable!,happy
466,olivia_garcia,You have such a warm and loving spirit. Keep spreading joy!,happy
467,noah_martinez,Why are you always so negative? Can't you see the good in anything?,angry
468,emma_kim,Your words of encouragement are truly appreciated. Keep it up!,supportive
469,liam_garcia,This is truly heartwarming. Keep spreading love and positivity!,happy
470,ava_martinez,I can't believe how mean people can be sometimes.,mean
471,sophia_rodriguez,Your unwavering support means the world. Keep being amazing!,supportive
472,kai_ali,This is just devastating. I feel so sad for them.,sad
473,isabella_santos,Your infectious laughter and joy brighten up any room!,happy
474,samuel_kim,Why do you have to be so aggressive all the time? It's exhausting.,angry
475,luna_dubois,Your empathy and kindness are truly inspiring. Keep shining bright!,supportive
476,elias_nguyen,Your creative ideas and innovation are truly commendable!,happy
477,olivia_garcia,You have such a warm and loving spirit. Keep spreading joy!,happy
478,noah_martinez,Why are you always so negative? Can't you see the good in anything?,angry
479,emma_kim,Your words of encouragement are truly appreciated. Keep it up!,supportive
480,liam_garcia,This is truly heartwarming. Keep spreading love and positivity!,happy
481,ava_martinez,I can't believe how mean people can be sometimes.,mean
482,sophia_rodriguez,Your unwavering support means the world. Keep being amazing!,supportive
483,kai_ali,This is just devastating. I feel so sad for them.,sad
484,isabella_santos,Your infectious laughter and joy brighten up any room!,happy
485,samuel_kim,Why do you have to be so aggressive all the time? It's exhausting.,angry
486,luna_dubois,Your empathy and kindness are truly inspiring. Keep shining bright!,supportive
487,elias_nguyen,Your creative ideas and innovation are truly commendable!,happy
488,olivia_garcia,You have such a warm and loving spirit. Keep spreading joy!,happy
489,jasmine_wilson,Your strength and resilience are truly inspiring. Keep shining bright!,supportive
490,leo_smith,Your infectious laughter and joy brighten up any room!,happy
491,sophie_anderson,Why do you have to be so aggressive all the time? It's exhausting.,angry
492,david_jones,Your empathy and kindness are truly inspiring. Keep shining bright!,supportive
493,lily_nguyen,Your creativity and innovation are truly commendable!,happy
494,noah_cohen,You have such a warm and loving spirit. Keep spreading joy!,happy
495,olivia_brown,Why are you always so negative? Can't you see the good in anything?,angry
496,william_garcia,Your words of encouragement are truly appreciated. Keep it up!,supportive
497,emma_johnson,This is truly heartwarming. Keep spreading love and positivity!,happy
498,mia_martinez,I can't believe how mean people can be sometimes.,mean
499,liam_rodriguez,Your unwavering support means the world. Keep being amazing!,supportive
500,kai_ali,This is just devastating. I feel so sad for them.,sad
501,isabella_santos,Your infectious laughter and joy brighten up any room!,happy
502,samuel_kim,Why do you have to be so aggressive all the time? It's exhausting.,angry
503,luna_dubois,Your empathy and kindness are truly inspiring. Keep shining bright!,supportive
504,elias_nguyen,Your creative ideas and innovation are truly commendable!,happy
505,olivia_garcia,You have such a warm and loving spirit. Keep spreading joy!,happy
506,noah_martinez,Why are you always so negative? Can't you see the good in anything?,angry
507,emma_kim,Your words of encouragement are truly appreciated. Keep it up!,supportive
508,liam_garcia,This is truly heartwarming. Keep spreading love and positivity!,happy
509,ava_martinez,I can't believe how mean people can be sometimes.,mean
510,sophia_rodriguez,Your unwavering support means the world. Keep being amazing!,supportive
511,kai_ali,This is just devastating. I feel so sad for them.,sad
512,isabella_santos,Your infectious laughter and joy brighten up any room!,happy
513,alexandra_smith,You are so mean-spirited and hurtful. Why do you have to be like that?,mean
