user number,Start Date,End Date,Instagram Handle (3),Name (4),Number of Pictures (1),Stories Posted (2),Descriptions (3),Captions (4),Hastags (1),Number of Tags by You (2),Number of Tags to You (3),Comments on Others (4),Comments on post (1),Followers (2),Following (3),Interactions with Friends (4),Close Friends (1),Interactions with Close Friends (2)
4,2023-09-01,2023-09-30,fashionista23,Sophie Johnson,30,6,"Runway fashion show, Street style photoshoot, Wardrobe essentials, Vintage finds, Sustainable fashion haul, Glamorous evening look","Strutting the catwalk, Urban chic, Closet must-haves, Retro vibes, Eco-friendly fashion, Evening glamour","fashion, style, vintage, sustainable, evening","michael, olivia, lucas, emily, nathan","chloe, ethan, lily, josh, sophia","You're a fashion icon! Stunning looks, Love your style, Amazing wardrobe, Beautiful fashion sense","Gorgeous outfits, Stunning styles, Fashion goals",5897,4856,97,45,88
5,2023-10-15,2023-11-10,wellnesswarrior,Zara Khan,18,4,"Morning yoga routine, Healthy meal prep, Sunset meditation, Nature walk","Mindful mornings, Nutritious meals, Serene evenings, Outdoor bliss","wellness, mindfulness, nutrition, meditation, nature","noah, mia, logan, harper, ethan","sophie, max, emily, lucas, chloe","You inspire us! Healthy living goals, Love your wellness journey, Amazing mindfulness, Beautiful nature shots","Great content, Lovely posts, Wellness goals",7321,8123,82,38,97
6,2023-11-20,2023-12-15,musiclover88,Levi Jackson,22,5,"Concert night excitement, Vinyl record collection, Songwriting process, Music festival vibes, Acoustic jam session","Rocking the stage, Vintage tunes, Creative melodies, Festival fever, Acoustic vibes","music, concerts, vinyl, songwriting, acoustic","ava, noah, chloe, ethan, lily","sophie, logan, emily, lucas, mia","Your music is amazing! Rock on, Love your songs, Awesome collection, Beautiful music vibes","Great music, Lovely tunes, Awesome performances",8945,5321,90,42,101
1,2024-01-01,2024-01-30,adventurous_soul,Elena Rodriguez,25,7,"Hiking in the mountains, Camping under the stars, Kayaking in the river, Rock climbing adventures, Breathtaking sunsets, Wildlife encounters, Peaceful nature walks","Embracing nature's wonders, Sleeping under the open sky, Paddling through serene waters, Conquering new heights, Capturing golden moments, Wildlife spotting, Finding tranquility in the wilderness","nature, adventure, camping, hiking, wildlife","lucas, emily, noah, sophia, ethan","mia, josh, chloe, olivia, logan","Your adventures are inspiring! Beautiful captures, Love your spirit, Amazing experiences, Embracing nature's beauty","Gorgeous shots, Stunning views, Nature goals",6754,7983,86,32,92
2,2024-02-12,2024-03-10,gourmet_affair,Oscar Martinez,20,5,"Exotic culinary delights, Gourmet food tasting, Cooking masterclass, Farm to table experience, Delicious dessert creations","Indulging in gastronomic wonders, Savoring unique flavors, Mastering culinary arts, Nurturing from farm to plate, Sweet temptations","foodie, gourmet, cooking, culinary, dessert","olivia, ethan, mia, lucas, emily","logan, chloe, noah, sophia, josh","Your food journey is amazing! Culinary delights, Love your dishes, Mouthwatering creations, Beautiful food art","Delicious treats, Gourmet goals, Amazing flavors",5217,6543,75,28,81
3,2024-03-20,2024-04-15,artistic_visionary,Aiden Kim,28,6,"Canvas of emotions, Sculpting creativity, Brush strokes of passion, Artistic expressions, Gallery of dreams, Visionary perspectives","Unleashing boundless creativity, Crafting masterpieces, Evoking emotions through art, Expressing through colors, Nurturing artistic visions, Sharing dreams through art","art, creativity, painting, sculpture, gallery","sophia, noah, chloe, lily, ethan","emily, logan, mia, lucas, olivia","Your art is captivating! Beautiful creations, Love your work, Masterful strokes, Inspiring visions","Gorgeous artwork, Stunning masterpieces, Artistic goals",4896,7123,79,30,85
7,2024-04-20,2024-05-15,travel_enthusiast,Aria Patel,40,8,"Exotic destinations, Cultural experiences, Adventure travel, Local cuisine exploration, Hidden gems, Breathtaking landscapes, Travel photography, Backpacking adventures","Exploring the unexplored, Embracing diversity, Thriving on adrenaline, Savoring local flavors, Discovering hidden treasures, Capturing nature's beauty, Immersing in different cultures, Connecting with fellow travelers","travel, adventure, culture, food, photography","lucas, emily, noah, sophia, ethan","mia, josh, chloe, olivia, logan","Your travel stories are amazing! Stunning captures, Love your adventures, Inspiring journeys, Beautiful photography","Gorgeous landscapes, Stunning cultures, Adventure goals",7543,6987,83,35,95
8,2024-05-20,2024-06-15,pet_lover_sam,Samir Gupta,35,7,"Puppy playtime, Furry friends, Pet adoption stories, Animal rescue missions, Pet care tips, Pet-friendly travel, Heartwarming pet stories","Playful moments, Unconditional love, Heartwarming tales, Compassion in action, Furry companions, Loving gestures, Joyful pet adventures","pets, animals, adoption, rescue, love","olivia, ethan, mia, lucas, emily","logan, chloe, noah, sophia, josh","Your love for animals is heartwarming! Beautiful pet stories, Love your furry friends, Compassionate gestures, Joyful pet adventures","Heartwarming tales, Loving pets, Amazing compassion",6325,7542,80,31,90
9,2024-06-20,2024-07-15,fitness_guru,Lila Khan,45,9,"High-intensity workouts, Yoga challenges, Outdoor fitness, Healthy meal ideas, Mindful living, Fitness transformations, Wellness tips, Exercise motivation, Body positivity","Sweat and smiles, Finding balance, Nature's gym, Nutritious eats, Peaceful mind, Sweat it out, Health is wealth, Be your own motivation, Love your body","fitness, workout, yoga, nutrition, wellness","noah, mia, logan, harper, ethan","sophie, max, emily, lucas, chloe","You inspire us to be fit! Fitness goals, Love your workout, Motivating challenges, Beautiful transformations","Great content, Lovely posts, Fitness journey",8921,6321,88,40,103
10,2024-07-20,2024-08-15,wanderlust_vibes,Sofia Rodriguez,30,6,"Cityscape wonders, Serene beach vibes, Mountain hiking adventures, Cultural heritage, Urban street photography, Local flavors exploration","Vibrant city life, Tranquil beach days, Majestic mountain views, Heritage walks, Urban street art, Savoring local cuisines","travel, culture, hiking, photography, urban","olivia, ethan, mia, lucas, emily","logan, chloe, noah, sophia, josh","Your travel posts are breathtaking! Stunning captures, Love your adventures, Inspiring journeys, Beautiful photography","Gorgeous landscapes, Stunning cultures, Adventure goals",8213,7545,92,35,97
11,2024-08-20,2024-09-15,yoga_lover_ella,Ella Chen,40,7,"Yoga for inner peace, Yoga retreat experiences, Meditation moments, Mindful living, Yoga challenges, Yoga for strength, Yoga for flexibility","Mindful yoga practice, Tranquil retreats, Serene meditation, Healthy mind and body, Yoga goals, Yoga journey, Flexibility and strength","yoga, meditation, mindfulness, flexibility, strength","noah, mia, logan, harper, ethan","sophie, max, emily, lucas, chloe","You inspire us to be fit! Yoga goals, Love your practice, Mindful moments, Beautiful transformations","Great content, Lovely posts, Yoga journey",9452,6321,95,40,110
12,2024-09-20,2024-10-15,foodie_adventurer,Avery Johnson,50,8,"Culinary explorations, Food festival delights, Exotic food tastings, Farm to table stories, International cuisine, Gastronomic journeys, Fusion food experiences, Dessert paradise","Indulging in global cuisines, Celebrating food festivals, Experiencing exotic flavors, Farm to table love, Savoring international delights, Gastronomic fusion, Sweet temptations","foodie, culinary, travel, dessert, fusion","sophie, noah, chloe, lily, ethan","emily, logan, mia, lucas, olivia","Your food journey is amazing! Culinary delights, Love your dishes, Mouthwatering creations, Beautiful food art","Delicious treats, Gourmet goals, Amazing flavors",10567,8754,103,45,118
13,2024-10-20,2024-11-15,creative_artist,Zara Patel,40,7,"Mixed media art, Abstract expressions, Sculpting dreams, Canvas of emotions, Artistic musings, Visionary creations, Gallery of dreams","Unleashing boundless creativity, Crafting masterpieces, Evoking emotions through art, Expressing through colors, Nurturing artistic visions, Sharing dreams through art, Abstract art inspirations","art, creativity, painting, sculpture, gallery","lucas, emily, noah, sophia, ethan","mia, josh, chloe, olivia, logan","Your art is captivating! Beautiful creations, Love your work, Masterful strokes, Inspiring visions","Gorgeous artwork, Stunning masterpieces, Artistic goals",12008,10002,115,40,132
14,2024-11-20,2024-12-15,pet_lover_mark,Mark Nguyen,45,9,"Paws and play, Furry companions, Pet adoption stories, Animal rescue missions, Pet care tips, Pet-friendly travel, Heartwarming pet stories, Adventures with pets, Unconditional love","Playful moments, Unconditional love, Heartwarming tales, Compassion in action, Furry companions, Loving gestures, Joyful pet adventures, Pet love, Animal companionship","pets, animals, adoption, rescue, love","olivia, ethan, mia, lucas, emily","logan, chloe, noah, sophia, josh","Your love for animals is heartwarming! Beautiful pet stories, Love your furry friends, Compassionate gestures, Joyful pet adventures","Heartwarming tales, Loving pets, Amazing compassion",15000,12003,145,60,165
15,2024-12-20,2025-01-15,fitness_warrior,Aria Kim,60,12,"Strength training, Cardio workouts, Yoga for wellness, Healthy meal ideas, Mindful living, Fitness transformations, Wellness tips, Exercise motivation, Body positivity, Gym routines, Outdoor fitness, Home workouts","Sweat and smiles, Finding balance, Nature's gym, Nutritious eats, Peaceful mind, Sweat it out, Health is wealth, Be your own motivation, Love your body, Fitness journey, Wellness goals, Home workout vibes","fitness, workout, yoga, nutrition, wellness, gym","noah, mia, logan, harper, ethan","sophie, max, emily, lucas, chloe","You inspire us to be fit! Fitness goals, Love your workout, Motivating challenges, Beautiful transformations","Great content, Lovely posts, Fitness journey",20000,10000,200,80,230
16,2025-01-20,2025-02-15,traveling_soul,Aaliyah Davis,35,7,"Solo adventures, Group travels, Cultural explorations, Nature escapes, Urban wanderings, Local flavors immersion, Heritage discoveries","Soulful journeys, Traveling with purpose, Cherishing connections, Nature's embrace, Urban tales, Savoring local flavors, Honoring heritage","travel, culture, adventure, nature, connection","olivia, ethan, mia, lucas, emily","logan, chloe, noah, sophia, josh","Your travel posts are inspiring! Meaningful travels, Connection through journeys, Cherished memories, Beautiful photography","Soulful adventures, Inspiring cultures, Adventure goals",11320,7854,120,42,145
17,2025-02-20,2025-03-15,sunset_chaser,Kai Miller,40,8,"Golden hour magic, Sunrise serenity, Coastal sunsets, Urban skyline views, Mountain sunset hikes, Desert sunsets, Lakeside tranquility, Fields of gold","Chasing golden moments, Embracing sunrise serenity, Coastal beauty, Urban skyline charm, Mountain trails, Desert dreams, Lakeside bliss, Fields of gold","sunset, sunrise, goldenhour, nature, landscapes","lucas, emily, noah, sophia, ethan","mia, josh, chloe, olivia, logan","Your sunset captures are breathtaking! Golden hour magic, Serene sunsets, Urban skyline views, Beautiful landscapes","Golden moments, Chasing sunsets, Landscape goals",14020,9321,135,47,160
18,2025-03-20,2025-04-15,bookish_wanderer,Zoey Thompson,50,10,"Literary escapes, Bookstore finds, Cozy reading nooks, Classic novels, Modern fiction, Poetry reflections, Literary discussions, Bookish quotes, Author spotlights, Genre explorations","Exploring bookish wonders, Savoring literary delights, Cozy reading moments, Classic and modern, Poetry reflections, Engaging discussions, Literary inspirations, Bookish musings, Celebrating authors, Genre love","books, literature, reading, bookish, poetry","noah, mia, logan, harper, ethan","sophie, max, emily, lucas, chloe","You inspire us to read more! Literary wonders, Bookish discussions, Cozy reading moments, Beautiful reflections","Bookish delights, Literary goals, Reading inspiration",17500,11203,160,53,190
19,2025-04-20,2025-05-15,nature_nurturer,Evelyn Baker,55,11,"Forest bathing, Oceanic bliss, Mountain air, Desert beauty, Lakeside serenity, Prairie tranquility, Sky gazing, Floral symphony, Wildlife encounters, Nature's embrace, Sunset reflections","Soulful connections, Nurturing nature, Honoring the elements, Embracing tranquility, Lakeside tales, Prairies of peace, Celestial musings, Floral wonders, Wildlife wonders, Sunset serenity, Nature's beauty","nature, elements, tranquility, wildlife, environment","olivia, ethan, mia, lucas, emily","logan, chloe, noah, sophia, josh","Your love for nature is inspiring! Soulful connections, Nature's embrace, Tranquil moments, Beautiful landscapes","Nature's beauty, Wildlife wonders, Environment goals",19000,12500,175,58,210
20,2025-05-20,2025-06-15,artistic_visionary,Xander Reed,60,12,"Modern artistry, Abstract musings, Sculpting dreams, Canvas of emotions, Artistic explorations, Visionary creations, Gallery of dreams, Artistic musings, Art for social change, Artistic expressions, Abstract artistry, Creative visions","Unleashing creativity, Crafting masterpieces, Evoking emotions through art, Expressing through colors, Nurturing artistic visions, Sharing dreams through art, Abstract art inspirations, Art for social change, Artistic expressions, Visionary artistry, Artistic musings, Gallery of creativity","art, creativity, painting, sculpture, gallery","lucas, emily, noah, sophia, ethan","mia, josh, chloe, olivia, logan","Your art is captivating! Beautiful creations, Love your work, Masterful strokes, Inspiring visions","Gorgeous artwork, Stunning masterpieces, Artistic goals",22000,15000,200,65,240
21,2025-06-20,2025-07-15,pet_adventurer,Zoe Wright,45,9,"Paws and play, Furry companions, Pet adoption stories, Animal rescue missions, Pet care tips, Pet-friendly travel, Heartwarming pet stories, Adventures with pets, Unconditional love","Playful moments, Unconditional love, Heartwarming tales, Compassion in action, Furry companions, Loving gestures, Joyful pet adventures, Pet love, Animal companionship","pets, animals, adoption, rescue, love","olivia, ethan, mia, lucas, emily","logan, chloe, noah, sophia, josh","Your love for animals is heartwarming! Beautiful pet stories, Love your furry friends, Compassionate gestures, Joyful pet adventures","Heartwarming tales, Loving pets, Amazing compassion",24500,17500,245,80,275
22,2025-07-20,2025-08-15,fitness_fanatic,Xavier Young,60,12,"Strength training, Cardio workouts, Yoga for wellness, Healthy meal ideas, Mindful living, Fitness transformations, Wellness tips, Exercise motivation, Body positivity, Gym routines, Outdoor fitness, Home workouts","Sweat and smiles, Finding balance, Nature's gym, Nutritious eats, Peaceful mind, Sweat it out, Health is wealth, Be your own motivation, Love your body, Fitness journey, Wellness goals, Home workout vibes","fitness, workout, yoga, nutrition, wellness, gym","noah, mia, logan, harper, ethan","sophie, max, emily, lucas, chloe","You inspire us to be fit! Fitness goals, Love your workout, Motivating challenges, Beautiful transformations","Great content, Lovely posts, Fitness journey",27000,20000,270,88,300
23,2025-08-20,2025-09-15,yoga_warrior,Yara Garcia,40,8,"Yoga for inner peace, Yoga retreat experiences, Meditation moments, Mindful living, Yoga challenges, Yoga for strength, Yoga for flexibility, Yoga for wellness","Mindful yoga practice, Tranquil retreats, Serene meditation, Healthy mind and body, Yoga goals, Yoga journey, Flexibility and strength, Wellness through yoga","yoga, meditation, mindfulness, flexibility, strength","noah, mia, logan, harper, ethan","sophie, max, emily, lucas, chloe","You inspire us to be fit! Yoga goals, Love your practice, Mindful moments, Beautiful transformations","Great content, Lovely posts, Yoga journey",29500,21200,295,95,330
24,2025-09-20,2025-10-15,travel_afficionado,Nina Patel,46,9,"Cultural immersions, Off-the-beaten-path destinations, Culinary delights, Local experiences, Adventure thrills, Scenic landscapes, Travel memoirs, Wanderlust stories, Eco-friendly travel","Adventurous explorations, Cultural delights, Gastronomic wonders, Local experiences, Thrilling adventures, Scenic landscapes, Travel tales, Wanderlust memories, Sustainable travel","travel, adventure, food, culture, nature","olivia, ethan, mia, lucas, emily","logan, chloe, noah, sophia, josh","Your travel stories are inspiring! Cultural immersions, Local experiences, Eco-friendly travel, Adventurous thrills","Wanderlust tales, Scenic landscapes, Culinary delights",31500,22500,315,103,360
25,2025-10-20,2025-11-15,fashion_fusionist,Ava Nguyen,55,11,"Runway highlights, Street style inspirations, Ethical fashion, Vintage finds, Couture dreams, Sustainable fashion, Seasonal trends, Fashionista diaries, Designer showcases, Accessory love, Fashion forward","Glamorous moments, Street style chic, Ethical fashion, Vintage love, Couture dreams, Sustainable style, Seasonal flair, Fashionista diaries, Designer love, Accessory obsession, Fashion forward","fashion, style, couture, vintage, accessories","lucas, emily, noah, sophia, ethan","mia, josh, chloe, olivia, logan","You are a fashion icon! Runway moments, Ethical fashion, Vintage love, Couture dreams","Fashionista diaries, Seasonal flair, Street style chic",34500,25000,345,113,390
26,2025-11-20,2025-12-15,foodie_explorer,Eliana Rossi,50,10,"Global cuisines, Culinary journeys, Food adventures, Farm-to-table experiences, Gastronomic delights, Cooking inspirations, Foodie diaries, Restaurant reviews, Home-cooked masterpieces, Sweet indulgences","Savoring global flavors, Culinary escapades, Foodie tales, Farm-to-table experiences, Gastronomic delights, Cooking inspirations, Foodie diaries, Restaurant reviews, Home-cooked masterpieces, Sweet indulgences","food, cuisine, cooking, restaurant, homecooking","noah, mia, logan, harper, ethan","sophie, max, emily, lucas, chloe","Your food adventures are mouthwatering! Culinary journeys, Sweet indulgences, Cooking inspirations, Global cuisines","Home-cooked masterpieces, Gastronomic delights, Foodie diaries",37000,27500,370,123,420
27,2025-12-20,2026-01-15,music_melodist,Aria Khan,60,12,"Melodic musings, Rhythmic vibes, Harmonious melodies, Musical expressions, Genre explorations, Songwriting diaries, Soundtrack moments, Live performances, Vocal reflections, Instrumental symphonies, Music for the soul, Melodic fusion","Musical inspirations, Rhythmic beats, Harmonious tunes, Genre explorations, Songwriting diaries, Soundtrack moments, Live performances, Vocal reflections, Instrumental symphonies, Soulful melodies, Melodic fusion, Musical journey","music, rhythm, melody, songwriting, instrumental","lucas, emily, noah, sophia, ethan","mia, josh, chloe, olivia, logan","Your music is soulful! Harmonious tunes, Melodic fusion, Musical journey, Live performances","Rhythmic beats, Vocal reflections, Soundtrack moments",40000,30000,400,133,450
28,2026-01-20,2026-02-15,film_aficionado,Reina Fernandez,52,10,"Cinematic marvels, Independent film gems, Directorial brilliance, Cinematography masterpieces, Iconic film retrospectives, Film festival journeys, Scriptwriting inspirations, Film genre explorations, Movie magic moments, On-screen narratives","Cinematic marvels, Independent film gems, Directorial brilliance, Cinematography masterpieces, Iconic film retrospectives, Film festival journeys, Scriptwriting inspirations, Film genre explorations, Movie magic moments, On-screen narratives, Cinematic musings, Movie magic moments","film, cinema, director, scriptwriting, cinematography","noah, mia, logan, harper, ethan","sophie, max, emily, lucas, chloe","Your cinematic journey is captivating! Cinematography masterpieces, On-screen narratives, Movie magic moments, Film festival journeys","Film genre explorations, Directorial brilliance, Independent film gems",43000,32500,430,143,480
29,2026-02-20,2026-03-15,wellness_warrior,Aaliyah Khan,48,9,"Mindful living, Wellness retreats, Holistic healing, Fitness fusion, Mental well-being, Spiritual awakenings, Nutritional balance, Self-care routines, Inner harmony","Mindful living, Wellness retreats, Holistic healing, Fitness fusion, Mental well-being, Spiritual awakenings, Nutritional balance, Self-care routines, Inner harmony, Wellness reflections","wellness, fitness, holistic, nutrition, selfcare","olivia, ethan, mia, lucas, emily","logan, chloe, noah, sophia, josh","Your wellness journey is inspiring! Holistic healing, Inner harmony, Spiritual awakenings, Nutritional balance","Wellness reflections, Fitness fusion, Mindful living",46000,35000,460,153,510
30,2026-03-20,2026-04-15,tech_enthusiast,Aiden Patel,54,10,"Innovative gadgets, Future tech trends, Gadget reviews, Smart home setups, Tech for good, Cybersecurity insights, Digital innovations, AI explorations, Blockchain breakthroughs, Tech for sustainability","Futuristic tech, Cutting-edge gadgets, Smart home setups, Gadget reviews, Tech for good, Cybersecurity insights, Digital innovations, AI explorations, Blockchain breakthroughs, Sustainability in tech","technology, gadgets, AI, blockchain, sustainability","lucas, emily, noah, sophia, ethan","mia, josh, chloe, olivia, logan","Your tech insights are invaluable! Future tech trends, Digital innovations, Smart home setups, Gadget reviews","Tech for sustainability, Cybersecurity insights, AI explorations",49000,37500,490,163,540
31,2026-04-20,2026-05-15,pet_admirer,Sofia Rivera,42,8,"Furry friends, Pet care tips, Animal advocacy, Pet adoption stories, Pet-friendly travel, Paws and play, Animal rescue missions, Unconditional love","Loving gestures, Joyful moments, Heartwarming tales, Compassion in action, Furry companions, Unconditional love, Joyful pet adventures, Animal companionship","pets, animals, adoption, love, travel","noah, mia, logan, harper, ethan","sophie, max, emily, lucas, chloe","Your love for animals is heartwarming! Beautiful pet stories, Love your furry friends, Compassionate gestures, Joyful pet adventures","Heartwarming tales, Loving pets, Amazing compassion",51000,38700,510,170,570
32,2026-05-20,2026-06-15,fitness_fanatic,Liam Johnson,40,8,"Workout routines, Fitness challenges, Healthy lifestyle tips, Body transformation journey, Mental health awareness, Gym motivation, Holistic wellness, Outdoor workouts","Pushing limits, Healthy choices, Fitness goals, Body transformation journey, Mental health awareness, Gym motivation, Holistic wellness, Outdoor fitness","fitness, health, gym, wellness, workout","olivia, ethan, mia, lucas, emily","logan, chloe, noah, sophia, josh","Your fitness journey is inspiring! Body transformation journey, Mental health awareness, Healthy choices, Outdoor fitness","Workout routines, Holistic wellness, Gym motivation",53000,40000,530,176,590
33,2026-06-20,2026-07-15,travel_enthusiast,Zara Ali,55,9,"Wanderlust adventures, Cultural explorations, Scenic escapades, Off-the-beaten-path journeys, Travel memoirs, Destination diaries, Adventure tales, Travel photography, Exotic cuisine discoveries","Global wanderer, Cultural immersion, Scenic getaways, Adventure tales, Travel memoirs, Destination diaries, Wanderlust adventures, Exotic cuisine discoveries, Travel photography","travel, wanderlust, adventure, culture, cuisine","lucas, emily, noah, sophia, ethan","mia, josh, chloe, olivia, logan","Your travel stories are captivating! Scenic getaways, Cultural immersion, Destination diaries, Adventure tales","Off-the-beaten-path journeys, Travel photography, Global wanderer",55000,41200,550,183,610
34,2026-07-20,2026-08-15,art_aficionado,Kai Smith,45,9,"Artistic creations, Creative expressions, Art gallery visits, Artistic musings, Abstract art interpretations, Artistic process, Art history insights, Art appreciation, Artistic inspiration","Creative expressions, Art gallery visits, Abstract art interpretations, Artistic process, Art history insights, Art appreciation, Artistic inspiration, Artistic creations, Artistic musings","art, creativity, gallery, inspiration, abstract","noah, mia, logan, harper, ethan","sophie, max, emily, lucas, chloe","Your artistic journey is inspiring! Artistic process, Art history insights, Artistic inspiration, Creative expressions","Art gallery visits, Abstract art interpretations, Art appreciation",57000,42500,570,190,630
35,2026-08-20,2026-09-15,fashionista,Leila Brown,50,10,"Trendy styles, Fashion hauls, Runway inspirations, Style diaries, Wardrobe essentials, Seasonal looks, Sustainable fashion, Fashion-forward ensembles, Street style showcases, Couture collections","Fashion flair, Style statements, Fashion hauls, Runway inspirations, Wardrobe essentials, Seasonal looks, Sustainable fashion, Street style showcases, Couture collections, Trendy styles","fashion, style, runway, wardrobe, couture","olivia, ethan, mia, lucas, emily","logan, chloe, noah, sophia, josh","Your fashion sense is impeccable! Style statements, Fashion hauls, Seasonal looks, Couture collections","Sustainable fashion, Trendy styles, Runway inspirations",59000,43700,590,196,650
36,2026-09-20,2026-10-15,book_lover,Eva Garcia,48,9,"Literary adventures, Book recommendations, Fictional worlds, Non-fiction gems, Poetic musings, Author spotlights, Reading nook finds, Bookish delights, Bibliophile haven","Literary gems, Fictional worlds, Non-fiction treasures, Poetic musings, Author spotlights, Reading nook finds, Bookish delights, Bibliophile haven, Literary adventures","books, reading, literature, poetry, fiction","lucas, emily, noah, sophia, ethan","mia, josh, chloe, olivia, logan","Your love for books is inspiring! Fictional worlds, Author spotlights, Reading nook finds, Poetic musings","Non-fiction treasures, Literary gems, Bibliophile haven",61000,45000,610,203,670
37,2026-10-20,2026-11-15,nature_enthusiast,Aya Patel,52,10,"Outdoor explorations, Nature photography, Eco-friendly living, Wildlife encounters, Environmental conservation, Botanical wonders, Nature's serenity, Adventure tales, Off-grid living, Sustainable travel","Sustainable living, Nature's wonders, Eco-friendly living, Wildlife encounters, Environmental conservation, Botanical wonders, Outdoor explorations, Nature's serenity, Adventure tales, Off-grid living","nature, ecofriendly, wildlife, conservation, travel","noah, mia, logan, harper, ethan","sophie, max, emily, lucas, chloe","Your passion for nature is inspiring! Nature's wonders, Wildlife encounters, Botanical wonders, Off-grid living","Outdoor explorations, Eco-friendly living, Adventure tales",63000,46200,630,210,690
38,2026-11-20,2026-12-15,film_buff,Kian Nguyen,55,9,"Cinematic musings, Movie marathons, Film critique, Directorial insights, Iconic movie moments, Script analysis, Film festival experiences, Classic film appreciation, Indie film gems","Cinematic marvels, Movie marathons, Film critique, Iconic movie moments, Script analysis, Film festival experiences, Classic film appreciation, Cinematic musings, Directorial insights, Indie film gems","cinema, movies, filmfestival, critique, director","olivia, ethan, mia, lucas, emily","logan, chloe, noah, sophia, josh","Your love for movies is captivating! Movie marathons, Iconic movie moments, Classic film appreciation, Cinematic musings","Film critique, Film festival experiences, Directorial insights",65000,47500,650,216,710
39,2026-12-20,2027-01-15,yoga_practitioner,Sara Khan,42,8,"Yoga poses, Meditation practices, Mind-body balance, Holistic healing, Spiritual wellness, Yoga philosophy, Yogic lifestyle, Mindful living","Inner peace, Mindful meditation, Spiritual harmony, Holistic healing, Yoga philosophy, Yogic lifestyle, Yoga poses, Meditation practices, Mind-body balance","yoga, meditation, wellness, spiritual, balance","lucas, emily, noah, sophia, ethan","mia, josh, chloe, olivia, logan","Your yoga journey is inspiring! Spiritual harmony, Yogic lifestyle, Holistic healing, Yoga poses","Mindful meditation, Mind-body balance, Inner peace",67000,48700,670,223,730
40,2027-01-20,2027-02-15,music_maestro,Liam Wang,47,9,"Musical symphonies, Melodic compositions, Rhythmic beats, Harmonious melodies, Soulful tunes, Music theory, Instrumental virtuosity, Vocal performances, Concert experiences","Melodic compositions, Rhythmic beats, Harmonious melodies, Soulful tunes, Music theory, Instrumental virtuosity, Vocal performances, Concert experiences, Musical symphonies","music, melody, rhythm, harmony, soulful","sophia, logan, emily, josh, chloe","olivia, ethan, mia, lucas, noah","Your music is enchanting! Rhythmic beats, Soulful tunes, Vocal performances, Melodic compositions","Concert experiences, Music theory, Instrumental virtuosity",69000,50000,690,230,750
41,2027-02-20,2027-03-15,travel_bug,Zara Patel,53,10,"Wanderlust adventures, Cultural immersions, Local delicacies, Travel diaries, Exotic destinations, Adventure escapades, Backpacking trails, Solo journeys, Group explorations, Travel photography","Cultural immersions, Local delicacies, Travel diaries, Exotic destinations, Adventure escapades, Backpacking trails, Solo journeys, Group explorations, Travel photography, Wanderlust adventures","travel, wanderlust, adventure, photography, exploration","noah, mia, logan, harper, ethan","sophie, max, emily, lucas, chloe","Your travel stories are amazing! Local delicacies, Exotic destinations, Backpacking trails, Cultural immersions","Solo journeys, Group explorations, Adventure escapades",71000,52500,710,236,770
42,2027-03-20,2027-04-15,foodie_adventures,Ella Kim,49,9,"Culinary delights, Gourmet experiences, Food escapades, Gastronomic pleasures, Flavorful indulgences, Cooking experiments, Food photography, Restaurant reviews, Global cuisines","Gourmet experiences, Food escapades, Gastronomic pleasures, Flavorful indulgences, Cooking experiments, Food photography, Restaurant reviews, Global cuisines, Culinary delights","food, gourmet, flavors, cooking, restaurant","olivia, ethan, mia, lucas, emily","logan, chloe, noah, sophia, josh","Your food journey is delectable! Food escapades, Cooking experiments, Global cuisines, Culinary delights","Gastronomic pleasures, Restaurant reviews, Flavorful indulgences",73000,55000,730,243,790
43,2027-04-20,2027-05-15,fitness_enthusiast,Aiden Lee,46,9,"Workout routines, Fitness challenges, Wellness tips, Health transformations, Athletic achievements, Body positivity, Gym adventures, Outdoor exercises, Nutrition guides","Fitness challenges, Wellness tips, Health transformations, Athletic achievements, Body positivity, Gym adventures, Outdoor exercises, Nutrition guides, Workout routines","fitness, workout, health, wellness, bodypositivity","lucas, emily, noah, sophia, ethan","mia, josh, chloe, olivia, logan","Your fitness journey is inspiring! Health transformations, Gym adventures, Athletic achievements, Workout routines","Outdoor exercises, Nutrition guides, Body positivity",75000,57500,750,250,810
44,2027-05-20,2027-06-15,pet_lover,Aria Singh,51,10,"Pet adventures, Animal companions, Pet care tips, Furry friends, Wildlife encounters, Pet photography, Pet rescue stories, Animal welfare, Pet behavior, Pet training","Animal companions, Pet care tips, Furry friends, Wildlife encounters, Pet photography, Pet rescue stories, Animal welfare, Pet behavior, Pet training, Pet adventures","pets, animals, wildlife, photography, rescue","olivia, ethan, mia, lucas, emily","logan, chloe, noah, sophia, josh","Your love for pets is heartwarming! Pet care tips, Wildlife encounters, Pet rescue stories, Animal welfare","Furry friends, Pet photography, Pet behavior",77000,60000,770,256,830
45,2027-06-20,2027-07-15,tech_whiz,Eliana Kim,54,9,"Innovative tech, Gadget reviews, Futuristic tech, Tech breakthroughs, AI advancements, App development, Tech entrepreneurship, Digital lifestyle, Cybersecurity tips","Gadget reviews, Futuristic tech, Tech breakthroughs, AI advancements, App development, Tech entrepreneurship, Digital lifestyle, Cybersecurity tips, Innovative tech","tech, gadgets, AI, entrepreneurship, cybersecurity","sophia, logan, emily, josh, chloe","olivia, ethan, mia, lucas, noah","Your tech insights are fascinating! Futuristic tech, App development, Digital lifestyle, Cybersecurity tips","Tech breakthroughs, AI advancements, Gadget reviews",79000,62500,790,263,850
46,2027-07-20,2027-08-15,art_enthusiast,Avery Patel,48,9,"Artistic expressions, Creative endeavors, Artistic musings, Artistic community, Artisan features, Artistic collaborations, Art festivals, Artistic discoveries, Artistic heritage","Creative endeavors, Artistic musings, Artistic community, Artisan features, Artistic collaborations, Art festivals, Artistic discoveries, Artistic heritage, Artistic expressions","art, creativity, community, collaborations, heritage","noah, mia, logan, harper, ethan","sophie, max, emily, lucas, chloe","Your artistic journey is captivating! Artistic community, Artisan features, Art festivals, Artistic discoveries","Artistic musings, Creative endeavors, Artistic heritage",81000,65000,810,270,870
47,2027-08-20,2027-09-15,fashion_fanatic,Ezra Kim,52,10,"Fashionista diaries, Style statements, Fashion photography, Runway reviews, Style inspirations, Fashion editorials, Trendy ensembles, Couture collections, Fashion escapades, Fashion-forward looks","Style statements, Fashion photography, Runway reviews, Style inspirations, Fashion editorials, Trendy ensembles, Couture collections, Fashion escapades, Fashion-forward looks, Fashionista diaries","fashion, style, runway, photography, couture","olivia, ethan, mia, lucas, emily","logan, chloe, noah, sophia, josh","Your fashion sense is captivating! Fashion photography, Style inspirations, Trendy ensembles, Couture collections","Runway reviews, Fashion editorials, Fashionista diaries",83000,67500,830,276,890
48,2027-09-20,2027-10-15,bookworm,Evelyn Brown,50,10,"Literary classics, Bookish delights, Fictional escapes, Literary musings, Bookish journeys, Literary festivals, Book club discussions, Poetic inspirations, Literary explorations, Bibliophile adventures","Bookish delights, Fictional escapes, Literary musings, Bookish journeys, Literary festivals, Book club discussions, Poetic inspirations, Literary explorations, Bibliophile adventures, Literary classics","books, literature, poetry, classics, journeys","sophia, logan, emily, josh, chloe","olivia, ethan, mia, lucas, noah","Your love for books is heartwarming! Literary musings, Bookish journeys, Book club discussions, Poetic inspirations","Fictional escapes, Literary festivals, Bookish delights",85000,70000,850,283,910
49,2027-10-20,2027-11-15,nature_lover,Ethan Nguyen,53,10,"Nature walks, Wildlife photography, Outdoor adventures, Environmental awareness, Nature conservation, Nature poetry, Eco-friendly living, Adventure tales, Off-grid experiences, Sustainable travel","Wildlife photography, Outdoor adventures, Environmental awareness, Nature conservation, Nature poetry, Eco-friendly living, Adventure tales, Off-grid experiences, Sustainable travel, Nature walks","nature, wildlife, adventure, conservation, ecofriendly","olivia, ethan, mia, lucas, emily","logan, chloe, noah, sophia, josh","Your passion for nature is inspiring! Outdoor adventures, Nature conservation, Eco-friendly living, Adventure tales","Wildlife photography, Environmental awareness, Nature poetry",87000,72500,870,290,930
1,2030-01-10,2030-02-05,travel_bug,Sofia Rodriguez,40,8,"World adventures, Cultural experiences, Local cuisines, Scenic landscapes, Travel escapades, Adventure stories, Sustainable travel, Off-beat destinations, Backpacking tales","Cultural experiences, Local cuisines, Scenic landscapes, Travel escapades, Adventure stories, Sustainable travel, Off-beat destinations, Backpacking tales, World adventures","travel, adventure, food, culture, sustainability","lucas, emily, noah, sophia, ethan","mia, josh, chloe, olivia, logan","Your travel escapades are inspiring! Scenic landscapes, Adventure stories, Sustainable travel","Local cuisines, World adventures, Cultural experiences",78000,62500,780,260,840
2,2030-02-10,2030-03-05,foodie,Mateo Hernandez,50,9,"Culinary delights, Gourmet experiences, Food photography, Cooking adventures, Food festivals, Farm-to-table experiences, Exotic flavors, Tasty indulgences, Baking escapades","Gourmet experiences, Food photography, Cooking adventures, Food festivals, Farm-to-table experiences, Exotic flavors, Tasty indulgences, Baking escapades, Culinary delights","food, culinary, cooking, flavors, gastronomy","olivia, ethan, mia, lucas, emily","logan, chloe, noah, sophia, josh","Your culinary journey is captivating! Cooking adventures, Food festivals, Farm-to-table experiences","Exotic flavors, Tasty indulgences, Gourmet experiences",80000,65000,800,267,860
3,2030-03-10,2030-04-05,music_lover,Luna Silva,45,9,"Melodic tunes, Concert experiences, Music festivals, Genre explorations, Musical inspirations, Album reviews, Songwriting process, Musical collaborations, Live performances","Concert experiences, Music festivals, Genre explorations, Musical inspirations, Album reviews, Songwriting process, Musical collaborations, Live performances, Melodic tunes","music, concerts, festivals, genre, performances","sophia, logan, emily, josh, chloe","olivia, ethan, mia, lucas, noah","Your musical journey is heartwarming! Music festivals, Album reviews, Songwriting process","Musical inspirations, Genre explorations, Concert experiences",82000,67500,820,273,880
4,2030-04-10,2030-05-05,wellness_guru,Isabella Thompson,47,9,"Mindfulness practices, Holistic well-being, Mental health awareness, Self-care tips, Stress management, Meditation techniques, Wellness retreats, Positive affirmations, Inner peace","Holistic well-being, Mental health awareness, Self-care tips, Stress management, Meditation techniques, Wellness retreats, Positive affirmations, Inner peace, Mindfulness practices","wellness, mindfulness, meditation, selfcare, mentalhealth","noah, mia, logan, harper, ethan","sophie, max, emily, lucas, chloe","Your wellness journey is fascinating! Mental health awareness, Stress management, Wellness retreats","Self-care tips, Holistic well-being, Positive affirmations",84000,70000,840,280,900
5,2030-05-10,2030-06-05,furry_friend,Leo Garcia,55,10,"Pet adventures, Animal companions, Pet care tips, Furry friends, Wildlife encounters, Pet photography, Pet rescue stories, Animal welfare, Pet behavior, Pet training","Animal companions, Pet care tips, Furry friends, Wildlife encounters, Pet photography, Pet rescue stories, Animal welfare, Pet behavior, Pet training, Pet adventures","pets, animals, wildlife, photography, rescue","olivia, ethan, mia, lucas, emily","logan, chloe, noah, sophia, josh","Your love for pets is heartwarming! Pet care tips, Wildlife encounters, Pet rescue stories","Animal companions, Furry friends, Pet photography",86000,72500,860,287,920
6,2030-06-10,2030-07-05,film_buff,Avery Taylor,49,9,"Cinematic masterpieces, Movie reviews, Film analysis, Director spotlights, Genre explorations, Film festivals, Classic movies, Screenwriting process, Behind-the-scenes insights","Movie reviews, Film analysis, Director spotlights, Genre explorations, Film festivals, Classic movies, Screenwriting process, Behind-the-scenes insights, Cinematic masterpieces","movies, film, cinema, directors, analysis","olivia, ethan, mia, lucas, emily","logan, chloe, noah, sophia, josh","Your cinematic journey is captivating! Film analysis, Genre explorations, Classic movies","Director spotlights, Behind-the-scenes insights, Movie reviews",88000,75000,880,293,940
7,2030-07-10,2030-08-05,artistic_soul,Ezra Carter,48,9,"Artistic expressions, Creative endeavors, Artistic musings, Artistic community, Artisan features, Artistic collaborations, Art festivals, Artistic discoveries, Artistic heritage","Creative endeavors, Artistic musings, Artistic community, Artisan features, Artistic collaborations, Art festivals, Artistic discoveries, Artistic heritage, Artistic expressions","art, creativity, community, collaborations, heritage","sophia, logan, emily, josh, chloe","olivia, ethan, mia, lucas, noah","Your artistic journey is captivating! Artistic community, Artisan features, Art festivals","Artistic musings, Creative endeavors, Artistic heritage",90000,77500,900,300,960
8,2030-08-10,2030-09-05,fashionista,Evelyn Foster,52,10,"Fashionista diaries, Style statements, Fashion photography, Runway reviews, Style inspirations, Fashion editorials, Trendy ensembles, Couture collections, Fashion escapades, Fashion-forward looks","Style statements, Fashion photography, Runway reviews, Style inspirations, Fashion editorials, Trendy ensembles, Couture collections, Fashion escapades, Fashion-forward looks, Fashionista diaries","fashion, style, runway, photography, couture","noah, mia, logan, harper, ethan","sophie, max, emily, lucas, chloe","Your fashion sense is captivating! Fashion photography, Style inspirations, Trendy ensembles","Runway reviews, Fashion editorials, Fashionista diaries",92000,75000,920,307,980
9,2030-09-10,2030-10-05,bookworm,Olivia Ward,50,10,"Literary classics, Bookish delights, Fictional escapes, Literary musings, Bookish journeys, Literary festivals, Book club discussions, Poetic inspirations, Literary explorations, Bibliophile adventures","Bookish delights, Fictional escapes, Literary musings, Bookish journeys, Literary festivals, Book club discussions, Poetic inspirations, Literary explorations, Bibliophile adventures, Literary classics","books, literature, poetry, classics, journeys","sophia, logan, emily, josh, chloe","olivia, ethan, mia, lucas, noah","Your love for books is heartwarming! Literary musings, Bookish journeys, Book club discussions","Poetic inspirations, Literary explorations, Bookish delights",94000,77500,940,313,1000
10,2030-10-10,2030-11-05,nature_lover,Noah King,53,10,"Nature walks, Wildlife photography, Outdoor adventures, Environmental awareness, Nature conservation, Nature poetry, Eco-friendly living, Adventure tales, Off-grid experiences, Sustainable travel","Wildlife photography, Outdoor adventures, Environmental awareness, Nature conservation, Nature poetry, Eco-friendly living, Adventure tales, Off-grid experiences, Sustainable travel, Nature walks","nature, wildlife, adventure, conservation, ecofriendly","sophia, logan, emily, josh, chloe","olivia, ethan, mia, lucas, noah","Your passion for nature is inspiring! Outdoor adventures, Nature conservation, Eco-friendly living","Nature poetry, Wildlife photography, Environmental awareness",96000,80000,960,320,1020
11,2031-01-10,2031-02-05,adventure_seeker,Samantha Johnson,48,8,"Mountain climbing, Scuba diving, Skydiving, Bungee jumping, Zip-lining, Paragliding, Trekking, Kayaking","Scuba diving, Skydiving, Bungee jumping, Zip-lining, Paragliding, Trekking, Kayaking, Mountain climbing","adventure, outdoors, adrenaline, nature, thrill","noah, mia, logan, harper, ethan","sophie, max, emily, lucas, chloe","Your adventure stories are exhilarating! Scuba diving, Bungee jumping, Paragliding","Skydiving, Zip-lining, Mountain climbing",98000,80000,980,327,1040
12,2031-02-10,2031-03-05,culinary_artist,Gabriel Martinez,46,9,"Gourmet cuisine, Culinary artistry, International flavors, Gastronomic experiences, Food pairings, Culinary traditions, Fusion cuisine, Dessert delights, Farm-to-table creations","Culinary artistry, International flavors, Gastronomic experiences, Food pairings, Culinary traditions, Fusion cuisine, Dessert delights, Farm-to-table creations, Gourmet cuisine","foodie, gastronomy, culinaryarts, internationalflavors, gourmet","olivia, ethan, mia, lucas, emily","logan, chloe, noah, sophia, josh","Your culinary journey is delectable! International flavors, Food pairings, Culinary traditions","Gourmet cuisine, Fusion cuisine, Culinary artistry",10000,82500,1000,333,1100
13,2031-03-10,2031-04-05,music_maven,Zoe Rodriguez,51,8,"Concert experiences, Music festivals, Songwriting process, Melodic musings, Music collaborations, Studio sessions, Musical inspirations, Rhythmic beats","Music festivals, Songwriting process, Melodic musings, Music collaborations, Studio sessions, Musical inspirations, Rhythmic beats, Concert experiences","music, concerts, festivals, melodies, rhythm","sophia, logan, emily, josh, chloe","olivia, ethan, mia, lucas, noah","Your musical journey is enchanting! Melodic musings, Music collaborations, Studio sessions","Musical inspirations, Rhythmic beats, Music festivals",10200,85000,1020,340,1120
14,2031-04-10,2031-05-05,photography_lover,Aria Sullivan,50,10,"Landscape photography, Portrait shots, Urban exploration, Macro photography, Street photography, Wildlife captures, Aerial views, Night photography, Candid moments, Travel photography","Portrait shots, Urban exploration, Macro photography, Street photography, Wildlife captures, Aerial views, Night photography, Candid moments, Travel photography, Landscape photography","photography, landscapes, portraits, urban, travel","sophia, logan, emily, josh, chloe","olivia, ethan, mia, lucas, noah","Your photography skills are mesmerizing! Urban exploration, Street photography, Aerial views","Portrait shots, Wildlife captures, Night photography",10400,87500,1040,347,1140
15,2031-05-10,2031-06-05,wellness_warrior,Harper Cooper,49,9,"Yoga practices, Healthy recipes, Wellness retreats, Mindful living, Fitness routines, Healthy habits, Stress management, Positive affirmations, Nutrition tips","Healthy recipes, Wellness retreats, Mindful living, Fitness routines, Healthy habits, Stress management, Positive affirmations, Nutrition tips, Yoga practices","wellness, yoga, nutrition, fitness, mindfulness","olivia, ethan, mia, lucas, noah","sophie, max, emily, logan, chloe","Your wellness journey is inspiring! Mindful living, Healthy habits, Positive affirmations","Wellness retreats, Nutrition tips, Yoga practices",10600,90000,1060,353,1160
16,2031-06-10,2031-07-05,fashion_influencer,Luna Ramirez,47,10,"Fashion trends, Styling tips, Wardrobe essentials, Runway highlights, Fashion events, Designer spotlights, Sustainable fashion, Vintage finds, Street style, Fashion inspiration","Styling tips, Wardrobe essentials, Runway highlights, Fashion events, Designer spotlights, Sustainable fashion, Vintage finds, Street style, Fashion inspiration, Fashion trends","fashion, style, trends, runway, vintage","sophia, logan, emily, josh, chloe","olivia, ethan, mia, lucas, noah","Your fashion sense is captivating! Wardrobe essentials, Fashion events, Sustainable fashion","Vintage finds, Street style, Styling tips",10800,92500,1080,360,1180
17,2031-07-10,2031-08-05,animal_lover,Maxwell Thompson,45,9,"Pet care tips, Animal advocacy, Wildlife conservation, Pet photography, Animal behavior, Pet rescue stories, Pet health, Animal welfare, Furry friends","Animal advocacy, Wildlife conservation, Pet photography, Animal behavior, Pet rescue stories, Pet health, Animal welfare, Furry friends, Pet care tips","animals, pets, advocacy, wildlife, conservation","olivia, ethan, mia, lucas, noah","sophie, logan, emily, josh, chloe","Your love for animals is heartwarming! Wildlife conservation, Animal behavior, Pet rescue stories","Animal advocacy, Pet photography, Pet health",11000,95000,1100,367,1200
18,2031-08-10,2031-09-05,art_enthusiast,Avery Foster,53,10,"Artistic expressions, Creative endeavors, Artistic musings, Artistic community, Artisan features, Artistic collaborations, Art festivals, Artistic discoveries, Artistic heritage, Art history","Creative endeavors, Artistic musings, Artistic community, Artisan features, Artistic collaborations, Art festivals, Artistic discoveries, Artistic heritage, Art history, Artistic expressions","art, creativity, community, heritage, history","sophia, logan, emily, josh, chloe","olivia, ethan, mia, lucas, noah","Your artistic journey is captivating! Artistic community, Artisan features, Art festivals","Artistic musings, Creative endeavors, Artistic heritage",11200,97500,1120,373,1220
19,2031-09-10,2031-10-05,travel_bug,Ezra Ward,52,10,"Wanderlust adventures, Travel memoirs, Cultural explorations, Offbeat destinations, Adventure travel, Backpacking tales, Travel photography, Exotic cuisine, Local experiences, Hidden gems","Travel memoirs, Cultural explorations, Offbeat destinations, Adventure travel, Backpacking tales, Travel photography, Exotic cuisine, Local experiences, Hidden gems, Wanderlust adventures","travel, adventure, wanderlust, culture, exploration","olivia, ethan, mia, lucas, noah","sophie, max, emily, logan, chloe","Your travel stories are captivating! Offbeat destinations, Backpacking tales, Exotic cuisine","Local experiences, Hidden gems, Travel memoirs",11400,100000,1140,380,1240
20,2032-03-10,2032-04-05,adventure_seeker,Aiden Roberts,45,6,"Mountain trekking, Underwater explorations, Skydiving adventures, Jungle expeditions, Desert safaris, Arctic voyages","Underwater explorations, Skydiving adventures, Jungle expeditions, Desert safaris, Arctic voyages, Mountain trekking","adventure, exploration, trekking, skydiving, safaris","samantha, liam, olivia, jason, mia","chloe, ethan, emily, logan, noah","Your adventurous spirit is inspiring! Skydiving adventures, Desert safaris, Arctic voyages","Jungle expeditions, Underwater explorations",9800,80000,980,320,1020
21,2032-04-10,2032-05-05,foodie_fanatic,Ava Nguyen,48,9,"Gastronomic delights, Culinary explorations, Exotic flavors, Farm-to-table experiences, International cuisine, Baking adventures, Food festivals, Cooking techniques, Food photography","Culinary explorations, Exotic flavors, Farm-to-table experiences, International cuisine, Baking adventures, Food festivals, Cooking techniques, Food photography, Gastronomic delights","food, cuisine, baking, flavors, cooking","sophia, logan, emily, josh, chloe","olivia, ethan, mia, lucas, noah","Your culinary journey is mouthwatering! Exotic flavors, Farm-to-table experiences, Baking adventures","International cuisine, Culinary explorations, Food festivals",10000,82500,1000,330,1040
22,2032-05-10,2032-06-05,fitness_enthusiast,Eliana Martinez,50,8,"Workout routines, Healthy lifestyle tips, Fitness challenges, Bodybuilding progress, Yoga poses, Marathon experiences, Gym motivation, Outdoor fitness, Post-workout meals","Healthy lifestyle tips, Fitness challenges, Bodybuilding progress, Yoga poses, Marathon experiences, Gym motivation, Outdoor fitness, Post-workout meals, Workout routines","fitness, workout, yoga, lifestyle, marathon","olivia, ethan, mia, lucas, noah","sophie, max, emily, logan, chloe","Your fitness journey is motivating! Fitness challenges, Yoga poses, Marathon experiences","Healthy lifestyle tips, Bodybuilding progress, Gym motivation",10200,85000,1020,340,1060
23,2032-06-10,2032-07-05,tech_guru,Finnley Brown,52,10,"Latest gadgets, App reviews, Tech innovations, Programming tutorials, Cybersecurity tips, Digital marketing insights, AI advancements, Virtual reality experiences, Wearable tech, Futuristic tech trends","App reviews, Tech innovations, Programming tutorials, Cybersecurity tips, Digital marketing insights, AI advancements, Virtual reality experiences, Wearable tech, Futuristic tech trends, Latest gadgets","tech, gadgets, programming, cybersecurity, digital","sophia, logan, emily, josh, chloe","olivia, ethan, mia, lucas, noah","Your tech insights are futuristic! Programming tutorials, Digital marketing insights, AI advancements","Cybersecurity tips, Wearable tech, Virtual reality experiences",10400,87500,1040,347,1080
24,2032-07-10,2032-08-05,bookworm_reader,Harlow King,49,9,"Literary classics, Mystery novels, Sci-fi adventures, Romance sagas, Thriller stories, Non-fiction bestsellers, Poetry anthologies, Historical epics, Biographies, Fantasy worlds","Mystery novels, Sci-fi adventures, Romance sagas, Thriller stories, Non-fiction bestsellers, Poetry anthologies, Historical epics, Biographies, Fantasy worlds, Literary classics","books, literature, mystery, romance, thriller","olivia, ethan, mia, lucas, noah","sophie, max, emily, logan, chloe","Your love for books is enchanting! Romance sagas, Non-fiction bestsellers, Poetry anthologies","Sci-fi adventures, Thriller stories, Literary classics",10600,90000,1060,353,1100
25,2032-08-10,2032-09-05,nature_admirer,Indigo Clarke,47,7,"Forest walks, Beach sunsets, Mountain vistas, Desert landscapes, Waterfall wonders, Wildlife encounters, Sunrise serenity","Beach sunsets, Mountain vistas, Desert landscapes, Waterfall wonders, Wildlife encounters, Sunrise serenity, Forest walks","nature, wildlife, landscapes, waterfall, sunrise","sophia, logan, emily, josh, chloe","olivia, ethan, mia, lucas, noah","Your nature escapades are breathtaking! Mountain vistas, Waterfall wonders, Wildlife encounters","Desert landscapes, Beach sunsets, Forest walks",10800,92500,1080,360,1120
26,2032-09-10,2032-10-05,home_decor_lover,Jasper Adams,46,9,"Interior design ideas, DIY home projects, Vintage decor, Bohemian style, Minimalist interiors, Scandinavian aesthetics, Eclectic spaces, Retro vibes, Urban chic","DIY home projects, Vintage decor, Bohemian style, Minimalist interiors, Scandinavian aesthetics, Eclectic spaces, Retro vibes, Urban chic, Interior design ideas","home, decor, interiors, vintage, bohemian","olivia, ethan, mia, lucas, noah","sophie, max, emily, logan, chloe","Your home decor style is captivating! Vintage decor, Minimalist interiors, Eclectic spaces","Scandinavian aesthetics, Retro vibes, Urban chic",11000,95000,1100,367,1140
27,2032-10-10,2032-11-05,film_buff,Kai Campbell,48,8,"Cinematic masterpieces, Independent films, Action-packed thrillers, Romantic comedies, Sci-fi blockbusters, Documentary features, Period dramas, Horror flicks","Independent films, Action-packed thrillers, Romantic comedies, Sci-fi blockbusters, Documentary features, Period dramas, Horror flicks, Cinematic masterpieces","films, movies, thrillers, romantic, documentary","sophia, logan, emily, josh, chloe","olivia, ethan, mia, lucas, noah","Your love for films is captivating! Romantic comedies, Sci-fi blockbusters, Documentary features","Action-packed thrillers, Period dramas, Independent films",11200,97500,1120,373,1160
28,2032-11-10,2032-12-05,musiclover_melody,Lennon Hughes,50,9,"Melodic tunes, Harmonious melodies, Rhythmic beats, Soulful ballads, Jazz renditions, Classical symphonies, Rock anthems, Pop hits, Indie music","Harmonious melodies, Rhythmic beats, Soulful ballads, Jazz renditions, Classical symphonies, Rock anthems, Pop hits, Indie music, Melodic tunes","music, melodies, beats, jazz, rock","olivia, ethan, mia, lucas, noah","sophie, max, emily, logan, chloe","Your music taste is enchanting! Soulful ballads, Classical symphonies, Pop hits","Indie music, Harmonious melodies, Rhythmic beats",11400,100000,1140,380,1180
29,2032-12-10,2033-01-05,fashionista_style,Mila Wright,49,10,"Trendy fashion, Chic ensembles, Runway styles, Vintage pieces, Boho fashion, Streetwear looks, Formal attire, Casual fashion, Athleisure wear, Couture fashion","Chic ensembles, Runway styles, Vintage pieces, Boho fashion, Streetwear looks, Formal attire, Casual fashion, Athleisure wear, Couture fashion, Trendy fashion","fashion, runway, vintage, streetwear, couture","sophia, logan, emily, josh, chloe","olivia, ethan, mia, lucas, noah","Your fashion sense is captivating! Runway styles, Boho fashion, Formal attire","Vintage pieces, Streetwear looks, Chic ensembles",11600,102000,1160,387,1200
30,2033-01-10,2033-02-05,travel_bug,Sofia Patel,45,8,"Exotic destinations, Cultural experiences, Adventure trips, Beach getaways, Mountain treks, City tours, Historical landmarks, Natural wonders","Cultural experiences, Adventure trips, Beach getaways, Mountain treks, City tours, Historical landmarks, Natural wonders, Exotic destinations","travel, adventure, beach, mountain, city","sophie, max, emily, logan, chloe","olivia, ethan, mia, lucas, noah","Your travel stories are captivating! Adventure trips, Mountain treks, City tours","Cultural experiences, Beach getaways, Exotic destinations",11800,104000,1180,393,1220
31,2033-02-10,2033-03-05,foodie_cravings,Aarav Khan,44,7,"Gourmet delights, International cuisines, Street food adventures, Baking escapades, Healthy recipes, Culinary creations, Fine dining experiences","International cuisines, Street food adventures, Baking escapades, Healthy recipes, Culinary creations, Fine dining experiences, Gourmet delights","food, gourmet, street food, baking, healthy","sophia, logan, emily, josh, chloe","olivia, ethan, mia, lucas, noah","Your food journey is enticing! Baking escapades, Culinary creations, Fine dining experiences","Healthy recipes, Street food adventures, International cuisines",12000,106000,1200,400,1240
32,2033-03-10,2033-04-05,pet_lover,Zara Singh,43,6,"Adorable puppies, Playful kittens, Exotic pets, Pet care tips, Shelter rescues, Animal advocacy","Playful kittens, Exotic pets, Pet care tips, Shelter rescues, Animal advocacy, Adorable puppies","pets, animals, care, shelter, advocacy","sophia, logan, emily, josh, chloe","olivia, ethan, mia, lucas, noah","Your love for pets is heartwarming! Exotic pets, Shelter rescues, Animal advocacy","Pet care tips, Playful kittens, Adorable puppies",12200,108000,1220,407,1260
33,2033-04-10,2033-05-05,fitness_fanatic,Arlo Wilson,42,5,"High-intensity workouts, Yoga retreats, Cardio sessions, Strength training, Outdoor fitness, Mindful wellness","Yoga retreats, Cardio sessions, Strength training, Outdoor fitness, Mindful wellness, High-intensity workouts","fitness, yoga, cardio, strength, wellness","olivia, ethan, mia, lucas, noah","sophie, max, emily, logan, chloe","Your fitness journey is inspiring! Cardio sessions, Outdoor fitness, Mindful wellness","Strength training, Yoga retreats, High-intensity workouts",12400,110000,1240,413,1280
34,2033-05-10,2033-06-05,art_enthusiast,Aria Brown,41,4,"Painting masterpieces, Sculpting marvels, Digital art, Mixed media, Street murals","Sculpting marvels, Digital art, Mixed media, Street murals, Painting masterpieces","art, painting, sculpting, digital, media","sophia, logan, emily, josh, chloe","olivia, ethan, mia, lucas, noah","Your artistry is captivating! Digital art, Mixed media, Street murals","Sculpting marvels, Painting masterpieces",12600,112000,1260,420,1300
35,2033-06-10,2033-07-05,motorsport_lover,Elijah Kim,40,3,"Formula racing, Off-road adventures, Vintage car rallies","Off-road adventures, Vintage car rallies, Formula racing","motorsport, racing, off-road, vintage","sophia, logan, emily, josh, chloe","olivia, ethan, mia, lucas, noah","Your passion for motorsports is thrilling! Vintage car rallies, Formula racing","Off-road adventures, Vintage car rallies",12800,114000,1280,427,1320
36,2033-07-10,2033-08-05,gamer_geek,Nova Thompson,39,2,"Action-packed quests, Adventure simulations","Adventure simulations, Action-packed quests","gaming, adventure","sophia, logan, emily, josh, chloe","olivia, ethan, mia, lucas, noah","Your gaming journey is enthralling! Action-packed quests, Adventure simulations","Adventure simulations, Action-packed quests",13000,116000,1300,433,1340
37,2033-08-10,2033-09-05,musicproducer_pro,Carter Lee,38,1,Melodic beats,Melodic beats,"music, beats","sophia, logan, emily, josh, chloe","olivia, ethan, mia, lucas, noah",Your music creations are captivating! Melodic beats,Melodic beats,13200,118000,1320,440,1360
38,2034-01-10,2034-02-05,artistic_traveler,Nina Gomez,47,10,"Local art, Cultural experiences, Adventure trips, Beach getaways, Mountain treks, City tours, Historical landmarks, Natural wonders, Urban street art, Art festivals, Artistic creations","Cultural experiences, Adventure trips, Beach getaways, Mountain treks, City tours, Historical landmarks, Natural wonders, Exotic destinations, Art festivals, Urban street art, Local art","art, travel, adventure, beach, mountain, city, art festivals, local art, urban art","sophia, logan, emily, josh, chloe, olivia, ethan, mia, lucas, noah, avery","sophia, logan, emily, josh, chloe, olivia, ethan, mia, lucas, noah, avery","Your travel stories and art are captivating! Local art, Cultural experiences, Urban street art","Adventure trips, Beach getaways, Exotic destinations, Art festivals",14000,124000,1400,467,1440
39,2034-02-10,2034-03-05,fashionista_glam,Zoe Ramirez,46,9,"Runway styles, Vintage fashion, Streetwear trends, Sustainable fashion, Luxury brands, Designer collections, Fashion accessories, Seasonal looks, Fashionable travel outfits","Vintage fashion, Streetwear trends, Sustainable fashion, Luxury brands, Designer collections, Fashion accessories, Seasonal looks, Fashionable travel outfits, Runway styles, Fashionable travel outfits","fashion, runway, vintage, streetwear, luxury, accessories, travel, seasonal, designer, sustainable","sophia, logan, emily, josh, chloe, olivia, ethan, mia, lucas, noah","sophia, logan, emily, josh, chloe, olivia, ethan, mia, lucas, noah","Your fashion sense is impeccable! Sustainable fashion, Luxury brands, Designer collections","Seasonal looks, Streetwear trends, Vintage fashion",14500,128000,1450,483,1480
40,2034-03-10,2034-04-05,wellness_wanderer,Harper Chen,45,8,"Mindful living, Yoga retreats, Healthy recipes, Wellness tips, Holistic healing, Meditation techniques, Natural remedies, Mental health awareness","Yoga retreats, Healthy recipes, Wellness tips, Holistic healing, Meditation techniques, Natural remedies, Mental health awareness, Mindful living","wellness, yoga, healthy, tips, holistic, meditation, remedies, mental health","sophia, logan, emily, josh, chloe, olivia, ethan, mia, lucas, noah","sophia, logan, emily, josh, chloe, olivia, ethan, mia, lucas, noah","Your wellness journey is inspiring! Healthy recipes, Wellness tips, Natural remedies","Yoga retreats, Meditation techniques, Mindful living",15000,132000,1500,500,1520
41,2034-04-10,2034-05-05,nature_enthusiast,Avery White,44,7,"Hiking adventures, Wildlife photography, Nature conservation, Botanical wonders, Ecotourism, National parks, Environmental activism","Wildlife photography, Nature conservation, Botanical wonders, Ecotourism, National parks, Environmental activism, Hiking adventures","nature, hiking, wildlife, conservation, botanical, ecotourism, national parks, activism","sophia, logan, emily, josh, chloe, olivia, ethan, mia, lucas, noah","sophia, logan, emily, josh, chloe, olivia, ethan, mia, lucas, noah","Your love for nature is heartwarming! Botanical wonders, Ecotourism, Environmental activism","Hiking adventures, Wildlife photography, National parks",15500,136000,1550,517,1560
42,2034-05-10,2034-06-05,music_melodies,Kai Patel,43,6,"Melodic beats, Soulful rhythms, Harmonious tunes, Musical compositions, Rhythmic beats, Lyrical ballads","Soulful rhythms, Harmonious tunes, Musical compositions, Rhythmic beats, Lyrical ballads, Melodic beats","music, beats, rhythms, tunes, compositions, ballads","sophia, logan, emily, josh, chloe, olivia, ethan, mia, lucas, noah","sophia, logan, emily, josh, chloe, olivia, ethan, mia, lucas, noah","Your music creations are captivating! Rhythmic beats, Lyrical ballads, Harmonious tunes","Melodic beats, Musical compositions, Soulful rhythms",16000,140000,1600,533,1600
43,2034-06-10,2034-07-05,adventure_seeker,Riley Garcia,42,5,"Adventure travel, Thrill-seeking activities, Extreme sports, Skydiving expeditions, Scuba diving, Bungee jumping","Thrill-seeking activities, Extreme sports, Skydiving expeditions, Scuba diving, Bungee jumping, Adventure travel","adventure, travel, extreme sports, thrill, skydiving, scuba, bungee jumping","sophia, logan, emily, josh, chloe, olivia, ethan, mia, lucas, noah","sophia, logan, emily, josh, chloe, olivia, ethan, mia, lucas, noah","Your adventure stories are enthralling! Skydiving expeditions, Scuba diving, Bungee jumping","Adventure travel, Extreme sports, Thrill-seeking activities",16500,144000,1650,550,1640
44,2034-07-10,2034-08-05,bookworm_bibliophile,Skylar Nguyen,41,4,"Literary classics, Fictional tales, Mystery novels, Historical epics","Fictional tales, Mystery novels, Historical epics, Literary classics","books, fiction, mystery, historical","sophia, logan, emily, josh, chloe, olivia, ethan, mia, lucas, noah","sophia, logan, emily, josh, chloe, olivia, ethan, mia, lucas, noah","Your literary journey is captivating! Mystery novels, Historical epics, Fictional tales","Literary classics, Fictional tales",17000,148000,1700,567,1680
45,2034-08-10,2034-09-05,vintage_vibes,Peyton Kim,40,3,"Retro fashion, Vintage decor, Classic cars","Vintage decor, Classic cars, Retro fashion","vintage, retro, fashion, decor, classic cars","sophia, logan, emily, josh, chloe, olivia, ethan, mia, lucas, noah","sophia, logan, emily, josh, chloe, olivia, ethan, mia, lucas, noah","Your vintage lifestyle is captivating! Classic cars, Retro fashion, Vintage decor","Classic cars, Vintage decor, Retro fashion",17500,152000,1750,583,1720
46,2034-09-10,2034-10-05,traveling_foodie,Aria Smith,48,9,"Culinary adventures, Exotic cuisines, Food photography, Local delicacies, Cooking escapades, Tasty treats, Global gastronomy, Farm-to-table, Fine dining","Exotic cuisines, Food photography, Local delicacies, Cooking escapades, Tasty treats, Global gastronomy, Farm-to-table, Fine dining, Culinary adventures","foodie, travel, culinary, food photography, local, cooking, gastronomy, farm-to-table, fine dining","sophia, logan, emily, josh, chloe, olivia, ethan, mia, lucas, noah","sophia, logan, emily, josh, chloe, olivia, ethan, mia, lucas, noah","Your culinary journey is inspiring! Food photography, Global gastronomy, Fine dining","Culinary adventures, Exotic cuisines, Local delicacies",18000,156000,1800,600,1760
47,2034-10-10,2034-11-05,fitness_fanatic,Eliana Johnson,47,8,"Workout routines, Fitness motivation, Healthy lifestyle, Strength training, Cardio exercises, Yoga poses, Gym workouts, Athletic achievements","Fitness motivation, Healthy lifestyle, Strength training, Cardio exercises, Yoga poses, Gym workouts, Athletic achievements, Workout routines","fitness, workout, healthy, strength training, cardio, yoga, gym, athletic","sophia, logan, emily, josh, chloe, olivia, ethan, mia, lucas, noah","sophia, logan, emily, josh, chloe, olivia, ethan, mia, lucas, noah","Your fitness journey is inspiring! Cardio exercises, Yoga poses, Gym workouts","Workout routines, Strength training, Athletic achievements",18500,160000,1850,617,1800
48,2034-11-10,2034-12-05,pet_lover,Zara Martinez,46,7,"Adorable pets, Pet adoption, Animal welfare, Pet care tips, Pet-friendly travel, Cute companions, Furry friends","Pet adoption, Animal welfare, Pet care tips, Pet-friendly travel, Cute companions, Furry friends, Adorable pets","pets, pet adoption, animal welfare, pet care, travel, cute, furry friends","sophia, logan, emily, josh, chloe, olivia, ethan, mia, lucas, noah","sophia, logan, emily, josh, chloe, olivia, ethan, mia, lucas, noah","Your love for pets is heartwarming! Animal welfare, Pet-friendly travel, Cute companions","Pet adoption, Pet care tips, Adorable pets",19000,164000,1900,633,1840
49,2034-12-10,2035-01-05,art_enthusiast,Nova Thompson,45,6,"Artistic creations, Creative expressions, Visual arts, Art history, Art exhibitions, Artistic inspirations","Creative expressions, Visual arts, Art history, Art exhibitions, Artistic inspirations, Artistic creations","art, creations, visual arts, history, exhibitions, inspirations","sophia, logan, emily, josh, chloe, olivia, ethan, mia, lucas, noah","sophia, logan, emily, josh, chloe, olivia, ethan, mia, lucas, noah","Your artistic creations are captivating! Art history, Art exhibitions, Visual arts","Creative expressions, Artistic inspirations",19500,168000,1950,650,1880
